id,first_name,last_name,email,gender,ip_address
1,Christoffer,Ritch,critch0@imgur.com,Male,111.61.107.160
2,Ky,Hambrick,khambrick1@hhs.gov,Male,45.216.55.132
3,Humbert,Brennand,hbrennand2@about.me,Male,203.251.240.199
4,Wanids,Awcock,wawcock3@paginegialle.it,Female,219.31.48.2
5,Olivero,Crossgrove,ocrossgrove4@meetup.com,Male,114.52.59.27
6,Fedora,Fawke,ffawke5@amazon.co.jp,Female,7.29.39.52
7,Abagail,Glencorse,aglencorse6@linkedin.com,Female,72.110.8.23
8,Patrica,Petriello,ppetriello7@technorati.com,Female,159.105.197.112
9,Elberta,Beckinsale,ebeckinsale8@wikipedia.org,Female,7.53.18.108
10,Myer,Pech,mpech9@histats.com,Male,125.50.238.97
11,Margaretta,Ioselev,mioseleva@jalbum.net,Female,200.13.253.188
12,Rafaello,Addyman,raddymanb@bandcamp.com,Male,154.5.234.241
13,Fania,Hamm,fhammc@nba.com,Female,77.104.168.138
14,Stephana,Maybery,smayberyd@bbc.co.uk,Female,110.4.212.21
15,Justis,Porson,jporsone@indiegogo.com,Male,139.77.243.220
16,Ruthie,Coldham,rcoldhamf@acquirethisname.com,Female,86.52.115.188
17,Rupert,Jovicevic,rjovicevicg@dagondesign.com,Male,36.251.38.43
18,Felix,Isabell,fisabellh@reuters.com,Male,153.171.35.62
19,Crystie,Antoniottii,cantoniottiii@delicious.com,Female,106.225.33.198
20,Fidela,Wellings,fwellingsj@mtv.com,Female,201.137.8.45
21,Tansy,Diggens,tdiggensk@reddit.com,Female,143.195.34.207
22,Caressa,Durbann,cdurbannl@google.fr,Female,135.191.34.155
23,Hally,McCambrois,hmccambroism@studiopress.com,Female,174.244.106.183
24,Eliza,Acock,eacockn@lycos.com,Female,206.156.55.59
25,Grier,Kensington,gkensingtono@ucoz.ru,Female,97.0.136.92
26,Dallis,Braiden,dbraidenp@latimes.com,Male,98.109.52.132
27,Ced,Bonellie,cbonellieq@networksolutions.com,Male,151.129.194.205
28,Farica,Neve,fnever@chronoengine.com,Female,205.136.232.163
29,Dyann,Pleat,dpleats@cmu.edu,Female,96.231.108.163
30,Roxine,Giorgiutti,rgiorgiuttit@youku.com,Female,109.92.223.155
31,Lucky,Churms,lchurmsu@go.com,Female,232.143.58.43
32,Maggy,Dietsche,mdietschev@wordpress.com,Female,171.199.52.210
33,Jeremie,Dictus,jdictusw@cisco.com,Male,170.110.200.49
34,Jaimie,Sopper,jsopperx@w3.org,Male,133.192.77.206
35,Alejandrina,Teanby,ateanbyy@google.nl,Female,156.250.22.109
36,Devland,Belding,dbeldingz@cargocollective.com,Male,80.58.166.112
37,Fanny,Gamblin,fgamblin10@twitter.com,Female,173.12.26.113
38,Franky,Prawle,fprawle11@de.vu,Female,194.164.146.52
39,Alexio,Moynihan,amoynihan12@prlog.org,Male,140.99.124.22
40,Lyssa,Poplee,lpoplee13@g.co,Female,111.75.74.17
41,Goddard,Womack,gwomack14@paginegialle.it,Male,240.8.217.166
42,Alvy,Balharry,abalharry15@usnews.com,Male,107.192.116.100
43,Rolf,Errichiello,rerrichiello16@tinyurl.com,Male,43.126.25.154
44,Esma,Colegrove,ecolegrove17@stanford.edu,Female,92.238.39.81
45,Tera,Glavis,tglavis18@pagesperso-orange.fr,Female,19.107.42.113
46,Sidonia,Foston,sfoston19@chron.com,Female,215.187.251.206
47,Karlan,Pauletti,kpauletti1a@e-recht24.de,Male,106.56.197.229
48,Edee,Chislett,echislett1b@xinhuanet.com,Female,81.172.234.120
49,Ki,Caddan,kcaddan1c@npr.org,Female,162.6.160.149
50,Erma,Tomanek,etomanek1d@telegraph.co.uk,Female,25.155.88.21
51,Ludvig,Dart,ldart1e@multiply.com,Male,35.43.161.38
52,Angeli,de Clercq,adeclercq1f@hexun.com,Male,92.66.121.29
53,Ad,Denyukin,adenyukin1g@squidoo.com,Male,159.116.20.39
54,Kathy,Martinovsky,kmartinovsky1h@gnu.org,Female,211.195.152.146
55,Harrison,Simoncini,hsimoncini1i@sogou.com,Male,151.227.9.166
56,Davis,Kilfether,dkilfether1j@samsung.com,Male,136.186.55.74
57,Aloin,Brosoli,abrosoli1k@harvard.edu,Male,84.222.209.95
58,Margot,Stendell,mstendell1l@hud.gov,Female,104.18.202.136
59,Erina,Haly,ehaly1m@fema.gov,Female,209.223.253.33
60,Urbain,Alessandretti,ualessandretti1n@gmpg.org,Male,84.153.34.187
61,Ganny,O' Donohoe,godonohoe1o@unc.edu,Male,45.162.182.234
62,Blayne,Rymer,brymer1p@noaa.gov,Male,121.89.165.47
63,Willow,Lampert,wlampert1q@mapy.cz,Female,149.61.93.121
64,Twyla,Seegar,tseegar1r@google.co.uk,Female,115.162.189.84
65,Colby,Hazeltine,chazeltine1s@omniture.com,Male,112.205.186.41
66,Ginger,Van Arsdall,gvanarsdall1t@wikia.com,Male,24.226.121.181
67,Murdock,Parkinson,mparkinson1u@pbs.org,Male,134.138.184.189
68,Lotta,Easum,leasum1v@pagesperso-orange.fr,Female,131.226.67.235
69,Jennilee,Avann,javann1w@latimes.com,Female,47.26.16.230
70,Odelle,Sellick,osellick1x@time.com,Female,135.34.246.151
71,Janaye,Amor,jamor1y@privacy.gov.au,Female,75.185.248.90
72,Cole,Clackers,cclackers1z@deviantart.com,Male,234.145.14.193
73,Atlanta,Kassel,akassel20@eventbrite.com,Female,191.90.171.48
74,Manolo,Isaq,misaq21@sphinn.com,Male,99.188.35.28
75,Bob,Rosenhaus,brosenhaus22@google.com,Male,40.37.64.106
76,Teri,Wankling,twankling23@toplist.cz,Female,46.31.122.245
77,Gamaliel,Bille,gbille24@webeden.co.uk,Male,4.154.14.37
78,Mozelle,Lumox,mlumox25@marriott.com,Female,239.216.226.119
79,Pet,Vaskov,pvaskov26@apple.com,Female,74.184.209.89
80,Guenna,Alvis,galvis27@printfriendly.com,Female,23.163.167.238
81,Brietta,Coltman,bcoltman28@nifty.com,Female,104.133.118.214
82,Courtney,Coughtrey,ccoughtrey29@meetup.com,Female,94.32.34.148
83,Cinda,Hamlen,chamlen2a@mashable.com,Female,17.109.177.144
84,Anastasie,Lassen,alassen2b@time.com,Female,228.178.166.139
85,Galvan,Elstub,gelstub2c@posterous.com,Male,123.235.73.129
86,Evey,Court,ecourt2d@slate.com,Female,254.98.102.151
87,Malissa,Benger,mbenger2e@yellowpages.com,Female,93.9.169.138
88,Vivian,Matuszyk,vmatuszyk2f@mapy.cz,Female,117.38.143.247
89,Phip,Bride,pbride2g@typepad.com,Male,240.210.246.195
90,Zorina,Zanicchelli,zzanicchelli2h@jimdo.com,Female,120.172.124.34
91,Franciska,Benettelli,fbenettelli2i@wix.com,Female,206.42.58.117
92,Stanislaus,Uebel,suebel2j@webs.com,Male,23.86.184.182
93,Irv,Salmoni,isalmoni2k@cafepress.com,Male,129.254.150.83
94,Katee,Stoffersen,kstoffersen2l@1und1.de,Female,167.0.176.174
95,Eamon,Parriss,eparriss2m@gizmodo.com,Male,26.111.116.196
96,Gaultiero,Gloy,ggloy2n@clickbank.net,Male,136.143.20.1
97,Cal,Tremblay,ctremblay2o@cam.ac.uk,Male,250.148.96.4
98,Dotti,Swallow,dswallow2p@abc.net.au,Female,12.219.177.138
99,Elsbeth,Bestiman,ebestiman2q@forbes.com,Female,21.252.147.240
100,Ulla,Woltering,uwoltering2r@vinaora.com,Female,5.168.226.33
101,Dominik,Sandyfirth,dsandyfirth2s@example.com,Male,219.254.51.65
102,Adolphus,Hawford,ahawford2t@devhub.com,Male,175.55.44.21
103,Zorah,Grinham,zgrinham2u@mail.ru,Female,191.210.127.208
104,Tate,McGahey,tmcgahey2v@uiuc.edu,Female,167.233.109.96
105,Harlene,Langtry,hlangtry2w@hhs.gov,Female,90.211.21.74
106,Vaughn,Baudin,vbaudin2x@scribd.com,Male,133.232.38.245
107,Sandi,Pendrick,spendrick2y@bizjournals.com,Female,54.32.240.95
108,Lisa,Lowton,llowton2z@addtoany.com,Female,45.120.119.106
109,Fons,Millam,fmillam30@accuweather.com,Male,11.232.213.135
110,Dorthy,Josephy,djosephy31@domainmarket.com,Female,115.166.231.58
111,Madge,Bartels,mbartels32@scribd.com,Female,1.81.32.235
112,Vergil,McCudden,vmccudden33@digg.com,Male,110.83.89.203
113,Kassia,Ellison,kellison34@gizmodo.com,Female,188.13.249.130
114,Frederique,Stolberger,fstolberger35@unicef.org,Female,220.37.172.171
115,Frederigo,D'Alessio,fdalessio36@indiatimes.com,Male,67.65.30.3
116,Alexandr,Benkhe,abenkhe37@nbcnews.com,Male,68.95.29.190
117,Trip,Rayer,trayer38@columbia.edu,Male,127.109.91.61
118,Rozanne,Anlay,ranlay39@vistaprint.com,Female,18.217.104.227
119,Dicky,Tretter,dtretter3a@admin.ch,Male,28.103.19.235
120,Shelley,Cockburn,scockburn3b@addtoany.com,Female,103.179.24.143
121,Staford,Cutcliffe,scutcliffe3c@ebay.co.uk,Male,117.159.78.88
122,Orson,Domnick,odomnick3d@gnu.org,Male,15.31.240.58
123,Tabor,Gile,tgile3e@ox.ac.uk,Male,122.202.212.221
124,Aron,Marioneau,amarioneau3f@yolasite.com,Male,245.83.117.99
125,Morgana,Irdale,mirdale3g@zimbio.com,Female,67.64.224.251
126,Vallie,Dymock,vdymock3h@mtv.com,Female,31.44.196.53
127,Joann,Wetherby,jwetherby3i@blinklist.com,Female,56.23.168.248
128,Kathie,Erangey,kerangey3j@tripadvisor.com,Female,158.205.172.251
129,Franciskus,Slyvester,fslyvester3k@vk.com,Male,24.106.72.29
130,Kara-lynn,Ramsted,kramsted3l@youtube.com,Female,177.197.16.133
131,Aprilette,Timbridge,atimbridge3m@theatlantic.com,Female,19.76.127.34
132,Gerrard,Attride,gattride3n@clickbank.net,Male,253.218.153.224
133,Ellsworth,Blei,eblei3o@canalblog.com,Male,61.71.29.16
134,Georges,Kinman,gkinman3p@ocn.ne.jp,Male,67.239.171.177
135,Loise,Wooder,lwooder3q@cdbaby.com,Female,249.105.29.73
136,Natalee,Kinset,nkinset3r@census.gov,Female,49.16.211.30
137,Ester,Croci,ecroci3s@tripadvisor.com,Female,181.155.47.211
138,Tarah,Hatfield,thatfield3t@nytimes.com,Female,233.5.50.49
139,Harmonia,Cometti,hcometti3u@csmonitor.com,Female,156.155.185.139
140,Lorenza,Davison,ldavison3v@state.gov,Female,189.44.214.202
141,Katleen,Kittley,kkittley3w@themeforest.net,Female,144.238.0.170
142,Glen,De Domenicis,gdedomenicis3x@dmoz.org,Female,54.198.227.40
143,Sapphira,Tuting,stuting3y@dyndns.org,Female,38.126.202.239
144,Forster,Veltman,fveltman3z@state.tx.us,Male,40.167.215.70
145,Fons,Busek,fbusek40@360.cn,Male,220.245.26.243
146,Jemimah,Chisholme,jchisholme41@sitemeter.com,Female,158.148.33.24
147,Thomasine,Caudell,tcaudell42@123-reg.co.uk,Female,168.237.39.240
148,Beverlee,O'Crowley,bocrowley43@clickbank.net,Female,240.88.72.194
149,Quincy,Durie,qdurie44@census.gov,Male,231.62.38.133
150,Hanson,Brassington,hbrassington45@hostgator.com,Male,133.227.50.58
151,Nada,Merwede,nmerwede46@biblegateway.com,Female,221.65.39.92
152,Rosetta,Cossins,rcossins47@psu.edu,Female,149.18.87.106
153,Dre,Du Barry,ddubarry48@cocolog-nifty.com,Female,6.225.179.39
154,Leonanie,Duthy,lduthy49@time.com,Female,238.112.130.111
155,Greta,Burmaster,gburmaster4a@ed.gov,Female,202.162.178.175
156,Fergus,Leverich,fleverich4b@loc.gov,Male,143.56.59.199
157,Roxy,Minto,rminto4c@alibaba.com,Female,185.23.119.37
158,Clem,Mellon,cmellon4d@cyberchimps.com,Male,126.60.220.20
159,Hillary,Yesichev,hyesichev4e@ca.gov,Female,181.235.150.254
160,Neall,Templeton,ntempleton4f@alibaba.com,Male,97.239.148.179
161,Daron,Hebdon,dhebdon4g@slideshare.net,Male,34.67.251.211
162,Georgi,Tidbury,gtidbury4h@seattletimes.com,Male,136.21.187.11
163,Millie,Oseman,moseman4i@bing.com,Female,155.243.38.106
164,Yorker,Towe,ytowe4j@europa.eu,Male,139.95.180.9
165,Maurise,Capps,mcapps4k@ted.com,Female,131.212.176.174
166,Travers,Dunridge,tdunridge4l@yandex.ru,Male,172.9.241.221
167,Donal,Ixor,dixor4m@yale.edu,Male,224.132.16.91
168,Rollo,Cases,rcases4n@usda.gov,Male,42.232.210.122
169,Cristina,Medwell,cmedwell4o@utexas.edu,Female,127.77.76.77
170,Marabel,Hemphall,mhemphall4p@g.co,Female,20.246.208.145
171,Buiron,Villiers,bvilliers4q@furl.net,Male,143.116.111.41
172,Lauryn,Springall,lspringall4r@sciencedaily.com,Female,92.144.105.128
173,Teddie,Checcuzzi,tcheccuzzi4s@mozilla.com,Male,141.131.216.105
174,Laurent,Carvell,lcarvell4t@chron.com,Male,199.152.13.6
175,Gilly,Treece,gtreece4u@google.co.uk,Female,234.73.151.6
176,Tuckie,Ebbings,tebbings4v@etsy.com,Male,183.190.237.18
177,Patin,Windress,pwindress4w@prnewswire.com,Male,95.196.217.229
178,Amos,O' Markey,aomarkey4x@sakura.ne.jp,Male,205.124.45.141
179,Allx,Utterson,autterson4y@unesco.org,Female,239.254.137.134
180,Ignacio,Pieter,ipieter4z@gov.uk,Male,64.182.247.142
181,Ernesta,Freeborn,efreeborn50@seattletimes.com,Female,161.104.126.39
182,Andriana,Costall,acostall51@imageshack.us,Female,111.63.83.247
183,Cass,Ebbrell,cebbrell52@woothemes.com,Female,136.53.252.190
184,Becky,Edwards,bedwards53@uiuc.edu,Female,209.128.254.13
185,Kyrstin,Grayer,kgrayer54@oaic.gov.au,Female,251.221.129.240
186,Elton,Bend,ebend55@fc2.com,Male,115.5.172.62
187,Pen,Barhams,pbarhams56@homestead.com,Female,80.160.226.181
188,Alexio,Linsay,alinsay57@google.co.uk,Male,126.0.189.252
189,Gabriella,Hayward,ghayward58@mashable.com,Female,73.112.23.108
190,Valentijn,Doole,vdoole59@mashable.com,Male,88.9.33.252
191,Rora,Trask,rtrask5a@xrea.com,Female,57.114.147.176
192,Vanni,Meus,vmeus5b@list-manage.com,Female,198.212.56.42
193,Torey,Bezant,tbezant5c@aol.com,Male,100.103.152.1
194,Pedro,Paolo,ppaolo5d@sitemeter.com,Male,124.34.217.86
195,Reider,Auckland,rauckland5e@unblog.fr,Male,93.246.208.50
196,Gilberta,O'Shesnan,goshesnan5f@google.nl,Female,122.218.61.111
197,Thorpe,Kift,tkift5g@ibm.com,Male,202.189.194.8
198,Meredithe,MacAughtrie,mmacaughtrie5h@timesonline.co.uk,Female,174.143.132.207
199,Sander,Gheerhaert,sgheerhaert5i@mayoclinic.com,Male,174.31.125.195
200,Tommy,Walls,twalls5j@deviantart.com,Female,108.20.26.64
201,Lazaro,Rounsefull,lrounsefull5k@github.io,Male,141.220.204.158
202,Rosabelle,Dudney,rdudney5l@cbsnews.com,Female,121.148.184.234
203,Madeline,McSkin,mmcskin5m@nationalgeographic.com,Female,37.144.103.179
204,Irena,Blitz,iblitz5n@jugem.jp,Female,1.204.135.115
205,Ely,Barron,ebarron5o@netlog.com,Male,44.240.241.210
206,Marena,Erett,merett5p@microsoft.com,Female,113.84.232.107
207,Merwin,Branscombe,mbranscombe5q@jugem.jp,Male,131.70.249.139
208,Nisse,Swaine,nswaine5r@tripadvisor.com,Female,93.212.200.19
209,Anna-maria,Ralphs,aralphs5s@salon.com,Female,27.78.158.243
210,Haily,Pedreschi,hpedreschi5t@linkedin.com,Male,69.34.31.18
211,Camila,Spatig,cspatig5u@opera.com,Female,39.129.87.197
212,Kirstyn,Delepine,kdelepine5v@purevolume.com,Female,49.38.3.151
213,Burch,Palk,bpalk5w@fastcompany.com,Male,39.29.225.169
214,Zelma,Binton,zbinton5x@google.com.hk,Female,16.39.196.75
215,Liam,Gianelli,lgianelli5y@reddit.com,Male,169.163.245.90
216,Javier,MacCahee,jmaccahee5z@goodreads.com,Male,112.92.245.2
217,Novelia,Newbery,nnewbery60@woothemes.com,Female,200.248.141.251
218,Milka,Rist,mrist61@mtv.com,Female,193.182.37.71
219,Cherianne,Mathen,cmathen62@oaic.gov.au,Female,10.148.35.174
220,Lay,Collishaw,lcollishaw63@creativecommons.org,Male,139.84.116.136
221,Nissa,Kittow,nkittow64@unicef.org,Female,86.26.185.243
222,Timmie,Jagiello,tjagiello65@who.int,Male,127.123.133.46
223,Allyson,Duro,aduro66@va.gov,Female,195.234.8.172
224,Pietrek,Jozefczak,pjozefczak67@reuters.com,Male,63.123.14.8
225,Essie,Taffie,etaffie68@ucsd.edu,Female,105.80.128.44
226,Aeriel,Livingston,alivingston69@spotify.com,Female,163.112.199.175
227,Kaiser,Hattiff,khattiff6a@uiuc.edu,Male,167.224.138.149
228,Nappie,Scurrell,nscurrell6b@ucoz.com,Male,210.194.172.5
229,Neely,Routham,nroutham6c@xinhuanet.com,Female,155.132.169.46
230,Yelena,Coultass,ycoultass6d@hubpages.com,Female,243.87.45.233
231,Bartholemy,Slemming,bslemming6e@nature.com,Male,1.208.77.132
232,Ora,Huddart,ohuddart6f@networkadvertising.org,Female,9.97.11.173
233,Davy,Mellem,dmellem6g@ovh.net,Male,1.89.57.13
234,Grange,Menlove,gmenlove6h@quantcast.com,Male,240.189.81.33
235,Rachael,Reschke,rreschke6i@netvibes.com,Female,197.105.77.253
236,Harland,Beedon,hbeedon6j@ovh.net,Male,144.241.73.153
237,Guss,Stucksbury,gstucksbury6k@army.mil,Male,18.184.153.151
238,Glynn,Abrahamovitz,gabrahamovitz6l@imageshack.us,Male,184.88.75.32
239,Hogan,Gogerty,hgogerty6m@tinypic.com,Male,240.33.84.131
240,Jere,Lobell,jlobell6n@seesaa.net,Male,113.222.136.127
241,Brucie,Ferrieri,bferrieri6o@harvard.edu,Male,204.50.149.138
242,Leif,Margram,lmargram6p@dion.ne.jp,Male,28.196.31.6
243,Arlene,Gault,agault6q@github.com,Female,245.135.105.149
244,Hazel,Newlyn,hnewlyn6r@artisteer.com,Male,163.4.240.240
245,Larissa,Bichener,lbichener6s@goo.gl,Female,246.96.148.0
246,Petronilla,Rawlins,prawlins6t@nytimes.com,Female,161.122.83.90
247,Selinda,Charleston,scharleston6u@qq.com,Female,213.49.64.162
248,Thacher,Sket,tsket6v@upenn.edu,Male,94.5.56.1
249,Gian,Malin,gmalin6w@deliciousdays.com,Male,13.170.14.235
250,Daveta,Vero,dvero6x@cbc.ca,Female,128.9.43.56
251,Gates,Achurch,gachurch6y@imgur.com,Female,166.55.74.94
252,Bailie,Oultram,boultram6z@dailymail.co.uk,Male,0.192.102.108
253,Hayley,Ealam,healam70@msn.com,Female,52.246.123.19
254,Hugues,De Bruyn,hdebruyn71@jugem.jp,Male,64.219.28.97
255,Bernadene,Cauley,bcauley72@github.com,Female,20.88.94.47
256,Odo,Castanone,ocastanone73@businessweek.com,Male,28.223.11.187
257,Bobinette,Karpushkin,bkarpushkin74@sun.com,Female,42.68.246.174
258,Hilliard,Goodwyn,hgoodwyn75@tumblr.com,Male,196.41.23.54
259,Cece,Sillwood,csillwood76@stanford.edu,Male,212.127.75.105
260,Gran,Denison,gdenison77@usgs.gov,Male,46.254.139.34
261,Kareem,Fenelow,kfenelow78@google.co.uk,Male,210.238.103.158
262,Guglielma,Figge,gfigge79@delicious.com,Female,129.92.122.97
263,Omar,Houndson,ohoundson7a@newsvine.com,Male,201.178.209.236
264,Carissa,Iveson,civeson7b@businesswire.com,Female,75.214.189.124
265,Mickie,Lumby,mlumby7c@webeden.co.uk,Male,186.163.250.189
266,Kyle,Colbridge,kcolbridge7d@salon.com,Female,12.186.123.58
267,Clayton,Sallis,csallis7e@ning.com,Male,157.73.218.75
268,Fons,Buggs,fbuggs7f@dropbox.com,Male,192.28.107.168
269,Jodi,Tout,jtout7g@mashable.com,Male,12.76.166.3
270,Trix,Fader,tfader7h@cisco.com,Female,47.70.149.63
271,Gene,Schruurs,gschruurs7i@accuweather.com,Female,1.175.156.108
272,Terrie,Medley,tmedley7j@list-manage.com,Female,12.151.12.250
273,Lida,Campey,lcampey7k@yolasite.com,Female,191.65.113.123
274,Gallard,Downie,gdownie7l@feedburner.com,Male,237.63.239.129
275,Maria,DeSousa,mdesousa7m@livejournal.com,Female,33.15.91.193
276,Pasquale,Eyes,peyes7n@unicef.org,Male,98.222.157.34
277,Farrel,Petrashov,fpetrashov7o@unesco.org,Male,156.133.22.168
278,Dal,Hoyte,dhoyte7p@vistaprint.com,Male,168.218.88.98
279,Sonnnie,Minot,sminot7q@buzzfeed.com,Female,76.113.138.39
280,Quintus,Stittle,qstittle7r@umich.edu,Male,64.187.137.225
281,Carny,Gorghetto,cgorghetto7s@ebay.com,Male,49.118.126.247
282,Kienan,Stebbin,kstebbin7t@networkadvertising.org,Male,177.171.245.167
283,Britt,Phinnessy,bphinnessy7u@walmart.com,Male,191.251.84.72
284,Clevey,Dorkin,cdorkin7v@chron.com,Male,91.251.246.248
285,Garrik,Wase,gwase7w@e-recht24.de,Male,24.177.89.121
286,Bern,Wason,bwason7x@cnbc.com,Male,56.225.147.152
287,Clemente,Gentzsch,cgentzsch7y@ca.gov,Male,190.152.251.78
288,Freedman,Callen,fcallen7z@toplist.cz,Male,12.53.91.170
289,Baudoin,Elbourne,belbourne80@mapy.cz,Male,57.136.125.78
290,Pauly,Gyenes,pgyenes81@constantcontact.com,Female,121.226.78.4
291,Dukey,Gurko,dgurko82@meetup.com,Male,171.116.206.150
292,Horatius,Mildmott,hmildmott83@timesonline.co.uk,Male,27.173.91.70
293,Joe,Hugland,jhugland84@themeforest.net,Male,124.175.17.176
294,Bebe,Strattan,bstrattan85@huffingtonpost.com,Female,95.77.246.111
295,Hi,Figg,hfigg86@boston.com,Male,199.176.208.62
296,Ewart,Sotham,esotham87@skype.com,Male,144.235.94.205
297,Coriss,Cauley,ccauley88@mtv.com,Female,188.198.63.67
298,Nora,Isacsson,nisacsson89@histats.com,Female,112.59.203.175
299,Chip,Eagling,ceagling8a@dion.ne.jp,Male,95.134.186.43
300,Vanya,Arsnell,varsnell8b@nytimes.com,Male,165.69.100.75
301,Patrizio,Handscomb,phandscomb8c@i2i.jp,Male,59.24.197.199
302,Hilda,Denkel,hdenkel8d@facebook.com,Female,210.213.53.175
303,Ferdie,Pes,fpes8e@tinypic.com,Male,15.125.96.204
304,Iggy,Woodvine,iwoodvine8f@globo.com,Male,163.5.102.82
305,Earvin,Vanyushin,evanyushin8g@answers.com,Male,88.38.235.127
306,Leah,Lygoe,llygoe8h@indiatimes.com,Female,35.173.30.174
307,Edd,Handling,ehandling8i@paginegialle.it,Male,97.168.226.218
308,Lynda,Wardington,lwardington8j@hao123.com,Female,225.60.232.237
309,Temple,Crat,tcrat8k@ow.ly,Male,18.99.236.17
310,Guthrie,Friedenbach,gfriedenbach8l@buzzfeed.com,Male,221.135.108.146
311,Francklyn,Rolston,frolston8m@census.gov,Male,89.135.64.149
312,Jackie,Androsik,jandrosik8n@nytimes.com,Male,15.205.207.154
313,Andromache,Coulson,acoulson8o@mozilla.org,Female,123.15.64.169
314,Regen,Ventris,rventris8p@ocn.ne.jp,Male,235.8.255.4
315,Dalia,Odgers,dodgers8q@51.la,Female,10.99.100.116
316,Dolf,Wagenen,dwagenen8r@sphinn.com,Male,226.246.216.59
317,Catherine,Gluyus,cgluyus8s@wikipedia.org,Female,99.37.86.65
318,Sapphira,Tremblet,stremblet8t@usnews.com,Female,234.24.172.17
319,Lorri,Roxbee,lroxbee8u@mail.ru,Female,93.93.174.227
320,Angelo,Yard,ayard8v@eventbrite.com,Male,169.124.127.221
321,Englebert,Detheridge,edetheridge8w@walmart.com,Male,70.98.84.5
322,Malanie,Huggens,mhuggens8x@noaa.gov,Female,254.98.57.222
323,Tadeo,Milberry,tmilberry8y@soup.io,Male,84.123.225.190
324,Nedda,Matevushev,nmatevushev8z@eventbrite.com,Female,228.211.114.235
325,Ario,Dacca,adacca90@imdb.com,Male,227.89.14.198
326,Mortimer,Van der Kruys,mvanderkruys91@liveinternet.ru,Male,172.182.165.152
327,Gwenneth,Heeran,gheeran92@go.com,Female,186.115.222.184
328,Korry,Nolleth,knolleth93@merriam-webster.com,Female,69.177.75.234
329,Helen-elizabeth,Tytterton,htytterton94@soup.io,Female,239.209.253.99
330,Maurice,Cushelly,mcushelly95@un.org,Male,29.227.191.184
331,Roseann,Sutcliff,rsutcliff96@google.fr,Female,247.48.42.149
332,Rutter,Kunkler,rkunkler97@rediff.com,Male,154.89.87.109
333,Mirilla,Andrelli,mandrelli98@furl.net,Female,132.244.50.99
334,Del,Penn,dpenn99@drupal.org,Female,225.10.247.230
335,Mitch,MacCardle,mmaccardle9a@engadget.com,Male,222.50.68.197
336,Benedikt,Da Costa,bdacosta9b@soundcloud.com,Male,199.27.248.231
337,Katharina,Oneil,koneil9c@disqus.com,Female,1.33.84.23
338,Caren,Swinney,cswinney9d@hud.gov,Female,71.5.162.101
339,Luise,Whiteway,lwhiteway9e@shinystat.com,Female,108.244.67.92
340,Modestine,Cogin,mcogin9f@a8.net,Female,228.121.77.53
341,Lothaire,Woollin,lwoollin9g@omniture.com,Male,194.101.10.102
342,Ulrick,Caddy,ucaddy9h@cornell.edu,Male,75.244.101.78
343,Gill,Burgyn,gburgyn9i@cpanel.net,Female,145.245.37.205
344,Osbourne,Dearnly,odearnly9j@furl.net,Male,9.165.197.27
345,Bevin,Helleckas,bhelleckas9k@usa.gov,Male,245.76.253.147
346,Bruis,Thaim,bthaim9l@wired.com,Male,219.250.119.90
347,Michal,Tineman,mtineman9m@networksolutions.com,Male,110.164.169.193
348,Alejandro,Rymill,arymill9n@blinklist.com,Male,14.11.70.23
349,Adey,Skeldinge,askeldinge9o@squarespace.com,Female,132.37.116.160
350,Lavena,Giacovazzo,lgiacovazzo9p@is.gd,Female,76.153.135.171
351,Lorie,Culross,lculross9q@oakley.com,Female,22.226.202.175
352,Skell,Landa,slanda9r@indiatimes.com,Male,7.205.53.108
353,Grant,Vertey,gvertey9s@dedecms.com,Male,250.240.68.25
354,Alidia,Hedde,ahedde9t@photobucket.com,Female,72.224.12.9
355,Rhianna,Cortese,rcortese9u@shop-pro.jp,Female,88.14.93.2
356,Allegra,Wellwood,awellwood9v@vimeo.com,Female,14.49.5.20
357,Gustavo,Myall,gmyall9w@imdb.com,Male,76.156.184.42
358,Caterina,Notton,cnotton9x@1688.com,Female,147.62.206.218
359,Lynnette,Dennitts,ldennitts9y@t.co,Female,148.210.38.141
360,Roby,Barrick,rbarrick9z@europa.eu,Female,38.153.14.124
361,Renelle,McUre,rmcurea0@oaic.gov.au,Female,86.75.161.146
362,Munmro,Tregenza,mtregenzaa1@hhs.gov,Male,254.249.180.172
363,Carilyn,Reams,creamsa2@fda.gov,Female,243.62.68.164
364,Ofilia,Accomb,oaccomba3@eepurl.com,Female,185.33.180.92
365,Domenic,Januszewski,djanuszewskia4@canalblog.com,Male,130.37.180.149
366,Kathryne,Gwilliams,kgwilliamsa5@uiuc.edu,Female,42.206.110.2
367,Alfie,Dregan,adregana6@miibeian.gov.cn,Male,50.167.240.61
368,Cordey,Macey,cmaceya7@tamu.edu,Female,221.5.182.112
369,Frank,Grasser,fgrassera8@merriam-webster.com,Female,107.158.172.176
370,Bryanty,Olivet,boliveta9@wikia.com,Male,160.210.147.218
371,Georges,O' Dooley,godooleyaa@flickr.com,Male,173.91.71.109
372,Jakob,Goldston,jgoldstonab@psu.edu,Male,219.146.1.145
373,Garner,Extance,gextanceac@icq.com,Male,122.30.53.155
374,Dewey,Ironside,dironsidead@si.edu,Male,118.194.6.31
375,Sharia,Gasperi,sgasperiae@g.co,Female,185.124.40.109
376,Gabriele,Dumphry,gdumphryaf@umn.edu,Male,25.91.169.218
377,Karly,Cavozzi,kcavozziag@mashable.com,Female,236.198.46.127
378,Bernardina,Haslehurst,bhaslehurstah@psu.edu,Female,67.123.58.199
379,Birdie,Convery,bconveryai@google.com.hk,Female,253.124.213.99
380,Carolyne,Smaile,csmaileaj@toplist.cz,Female,59.148.23.0
381,Mechelle,Balassa,mbalassaak@si.edu,Female,190.207.34.153
382,Aurthur,Heinsius,aheinsiusal@multiply.com,Male,0.10.212.78
383,Lou,Greenhowe,lgreenhoweam@about.com,Female,60.10.15.228
384,Hastie,Iliff,hiliffan@de.vu,Male,174.145.137.15
385,Claresta,Zottoli,czottoliao@symantec.com,Female,81.62.92.14
386,Gustavo,Sambells,gsambellsap@noaa.gov,Male,143.159.134.160
387,Elladine,Prazor,eprazoraq@guardian.co.uk,Female,125.199.219.147
388,Thorndike,Morkham,tmorkhamar@symantec.com,Male,201.118.47.119
389,Worden,Ricardet,wricardetas@howstuffworks.com,Male,247.113.107.158
390,Merrile,Damsell,mdamsellat@netscape.com,Female,58.253.122.129
391,Alfy,Ragles,araglesau@jigsy.com,Male,71.33.162.55
392,Davey,Blackly,dblacklyav@goo.ne.jp,Male,158.56.53.82
393,Guilbert,McTrusty,gmctrustyaw@wunderground.com,Male,241.68.36.53
394,Fielding,Easom,feasomax@webs.com,Male,95.134.130.209
395,Vito,Maben,vmabenay@stanford.edu,Male,173.137.233.64
396,Beverly,Laugier,blaugieraz@walmart.com,Female,242.86.73.228
397,Herc,Turvey,hturveyb0@salon.com,Male,64.60.207.157
398,Masha,Andri,mandrib1@mac.com,Female,52.25.43.113
399,Willy,Gertz,wgertzb2@samsung.com,Female,228.47.71.218
400,Graehme,Earland,gearlandb3@dell.com,Male,159.176.115.155
401,Chane,Van,cvanb4@merriam-webster.com,Male,64.159.231.203
402,Wain,Pohl,wpohlb5@yellowpages.com,Male,43.44.213.195
403,Robinia,Underwood,runderwoodb6@cisco.com,Female,31.36.189.190
404,Jorge,Karpinski,jkarpinskib7@cisco.com,Male,4.135.197.130
405,Enos,Farnall,efarnallb8@moonfruit.com,Male,79.66.53.112
406,Lorri,Trammel,ltrammelb9@goodreads.com,Female,232.100.8.35
407,Pearla,Franschini,pfranschiniba@creativecommons.org,Female,181.84.237.181
408,Greggory,Fairlamb,gfairlambbb@tripadvisor.com,Male,169.188.250.53
409,Dory,Delacroux,ddelacrouxbc@angelfire.com,Female,92.126.239.62
410,Theresina,Kerswill,tkerswillbd@simplemachines.org,Female,3.245.105.6
411,Ruthi,Prosser,rprosserbe@altervista.org,Female,86.94.223.238
412,Layla,Pargent,lpargentbf@addtoany.com,Female,48.228.248.185
413,Dwayne,Turvey,dturveybg@ycombinator.com,Male,219.161.91.135
414,Armstrong,Franzetti,afranzettibh@telegraph.co.uk,Male,152.7.209.51
415,Boniface,Stebbins,bstebbinsbi@shinystat.com,Male,254.245.31.85
416,Tricia,Darko,tdarkobj@51.la,Female,43.71.214.51
417,Levon,Rosier,lrosierbk@comsenz.com,Male,202.65.175.34
418,Ernesto,Fairburne,efairburnebl@smugmug.com,Male,131.222.238.187
419,Dyanna,Colegate,dcolegatebm@tumblr.com,Female,102.101.67.79
420,Rodina,Rosetti,rrosettibn@fotki.com,Female,10.156.4.176
421,Brad,Brodley,bbrodleybo@sciencedaily.com,Male,77.97.254.239
422,Charmian,Vowells,cvowellsbp@barnesandnoble.com,Female,28.211.87.2
423,Clementia,McCarroll,cmccarrollbq@tumblr.com,Female,162.123.12.44
424,Dall,Boldry,dboldrybr@eepurl.com,Male,137.60.16.219
425,Nathalia,Summerhayes,nsummerhayesbs@slideshare.net,Female,181.88.206.51
426,Yance,Riglar,yriglarbt@ucoz.com,Male,207.72.223.175
427,Tanhya,Allinson,tallinsonbu@gmpg.org,Female,105.58.52.152
428,Nedi,Braunes,nbraunesbv@github.com,Female,119.139.124.164
429,Melvyn,Calcraft,mcalcraftbw@dropbox.com,Male,107.143.140.142
430,Ilene,Partlett,ipartlettbx@arizona.edu,Female,153.104.97.19
431,Si,Shallcroff,sshallcroffby@wufoo.com,Male,81.74.92.45
432,Nikaniki,Conrath,nconrathbz@microsoft.com,Female,82.12.195.0
433,Emmott,Comar,ecomarc0@edublogs.org,Male,250.215.34.59
434,Culley,Brandoni,cbrandonic1@youtube.com,Male,254.125.94.6
435,Cirilo,Gennerich,cgennerichc2@sciencedaily.com,Male,179.109.240.141
436,Samuele,Challender,schallenderc3@yahoo.com,Male,234.163.80.166
437,Sibelle,Marriage,smarriagec4@desdev.cn,Female,43.59.31.123
438,Sela,Bleesing,sbleesingc5@msu.edu,Female,35.234.246.222
439,Gail,Faro,gfaroc6@go.com,Male,168.87.223.209
440,Edith,Govenlock,egovenlockc7@yandex.ru,Female,64.144.222.209
441,Darcy,Irdale,dirdalec8@paypal.com,Female,191.142.2.23
442,Peri,Sneller,psnellerc9@umn.edu,Female,64.214.9.202
443,Alla,Davenhill,adavenhillca@t.co,Female,154.246.38.31
444,Jae,Bathow,jbathowcb@goo.ne.jp,Male,27.81.77.184
445,Darrick,Tall,dtallcc@printfriendly.com,Male,147.69.230.223
446,Shep,Varvara,svarvaracd@slate.com,Male,75.46.106.87
447,Darice,Piscot,dpiscotce@wisc.edu,Female,103.0.124.0
448,Jon,Dewhurst,jdewhurstcf@hugedomains.com,Male,130.156.190.54
449,Karen,Grebert,kgrebertcg@booking.com,Female,170.57.194.93
450,Jamil,Brett,jbrettch@hostgator.com,Male,82.151.104.102
451,Nickolai,Sullly,nsulllyci@ehow.com,Male,248.108.75.138
452,Morton,Hodgon,mhodgoncj@skyrock.com,Male,103.151.43.225
453,Letizia,Spurier,lspurierck@columbia.edu,Female,64.204.15.186
454,Hermy,Redgrave,hredgravecl@sfgate.com,Male,54.156.110.121
455,Arnaldo,Caudrelier,acaudreliercm@over-blog.com,Male,73.42.27.37
456,Kate,Paddick,kpaddickcn@google.com.au,Female,222.136.193.190
457,Doralia,Radclyffe,dradclyffeco@whitehouse.gov,Female,247.235.182.187
458,Zelig,Cutler,zcutlercp@slideshare.net,Male,118.129.74.203
459,Daffie,Rivalant,drivalantcq@123-reg.co.uk,Female,103.95.236.18
460,Grannie,Malecky,gmaleckycr@networksolutions.com,Male,199.200.135.165
461,Gelya,Cardenas,gcardenascs@dailymotion.com,Female,39.151.185.217
462,Murdock,Bruford,mbrufordct@ucoz.com,Male,64.40.137.41
463,Layla,Jeness,ljenesscu@jiathis.com,Female,143.124.202.21
464,Berta,Bengtson,bbengtsoncv@mayoclinic.com,Female,64.218.114.51
465,Nikaniki,Leftridge,nleftridgecw@storify.com,Female,94.0.19.149
466,Audra,Klageman,aklagemancx@nationalgeographic.com,Female,117.144.99.149
467,Ricky,Thor,rthorcy@fastcompany.com,Male,129.151.141.184
468,Barclay,Raistrick,braistrickcz@artisteer.com,Male,168.145.97.153
469,Gennie,Reignould,greignouldd0@fda.gov,Female,205.166.82.9
470,Buck,Goad,bgoadd1@typepad.com,Male,40.212.224.199
471,Susanetta,Colbertson,scolbertsond2@hugedomains.com,Female,220.100.161.28
472,Guthrey,Starbuck,gstarbuckd3@tamu.edu,Male,9.253.168.157
473,Omar,Fiddymont,ofiddymontd4@oakley.com,Male,9.77.202.79
474,Ike,Brailey,ibraileyd5@xing.com,Male,177.120.153.233
475,Zara,Meriott,zmeriottd6@google.cn,Female,230.244.132.137
476,Isabelita,Lorking,ilorkingd7@cdbaby.com,Female,174.155.193.86
477,Noni,Snaden,nsnadend8@forbes.com,Female,9.207.123.218
478,Waldo,Ride,wrided9@timesonline.co.uk,Male,132.32.64.10
479,Carmine,Gowans,cgowansda@bluehost.com,Male,71.240.138.36
480,Amelita,Abbatini,aabbatinidb@cdc.gov,Female,151.141.137.26
481,Melvyn,Wilacot,mwilacotdc@adobe.com,Male,187.214.205.218
482,Hamnet,Woolard,hwoolarddd@bandcamp.com,Male,64.218.198.130
483,Tilly,Mildner,tmildnerde@dropbox.com,Female,123.235.182.134
484,Alexandr,Gillean,agilleandf@clickbank.net,Male,227.75.227.136
485,Lois,Bremen,lbremendg@yellowpages.com,Female,64.44.77.74
486,Tobe,Boden,tbodendh@ucoz.com,Female,85.35.106.69
487,Kerry,Rozet,krozetdi@merriam-webster.com,Male,215.237.35.48
488,Xerxes,de Cullip,xdecullipdj@drupal.org,Male,129.66.159.88
489,Trace,Kearle,tkearledk@shinystat.com,Male,157.127.152.168
490,Mame,Dodimead,mdodimeaddl@booking.com,Female,234.207.228.140
491,Cherri,Whitten,cwhittendm@example.com,Female,4.57.250.110
492,Christel,Nial,cnialdn@instagram.com,Female,250.20.158.84
493,Nanni,Cowton,ncowtondo@techcrunch.com,Female,10.92.76.58
494,Kalil,O'Carrol,kocarroldp@freewebs.com,Male,197.225.147.137
495,Maurice,Bitten,mbittendq@sitemeter.com,Male,79.30.93.172
496,Dallon,Restall,drestalldr@house.gov,Male,132.11.237.136
497,Florry,Brayn,fbraynds@delicious.com,Female,247.71.233.120
498,Fransisco,O'Hagirtie,fohagirtiedt@reference.com,Male,51.115.50.169
499,Elysee,Pugh,epughdu@tripod.com,Female,122.10.96.223
500,Iggy,Hatley,ihatleydv@comsenz.com,Male,24.126.70.31
501,Dehlia,Wherry,dwherrydw@cyberchimps.com,Female,67.157.149.136
502,Chadwick,Cordie,ccordiedx@networkadvertising.org,Male,143.172.17.26
503,Richmound,Wolfers,rwolfersdy@columbia.edu,Male,17.69.15.226
504,Latisha,Connock,lconnockdz@bloglovin.com,Female,249.117.184.2
505,Lyell,Greet,lgreete0@wired.com,Male,173.27.133.10
506,Barnabe,Brotherhood,bbrotherhoode1@stumbleupon.com,Male,148.32.67.166
507,Joyann,Cowlas,jcowlase2@taobao.com,Female,163.19.193.53
508,Moe,Preedy,mpreedye3@chron.com,Male,76.120.161.173
509,Pennie,Poxon,ppoxone4@phoca.cz,Male,128.16.208.97
510,Cosimo,Burnyeat,cburnyeate5@wiley.com,Male,205.232.148.8
511,Reid,Janout,rjanoute6@ocn.ne.jp,Male,26.175.79.124
512,Chip,Blethin,cblethine7@house.gov,Male,14.154.57.18
513,Shepperd,Sieur,ssieure8@quantcast.com,Male,50.144.247.53
514,Nataniel,Vaisey,nvaiseye9@paypal.com,Male,111.255.74.164
515,Tanny,Pimbley,tpimbleyea@ftc.gov,Male,46.124.135.74
516,Talyah,Chessun,tchessuneb@about.com,Female,49.227.148.55
517,Ruperta,Boulds,rbouldsec@walmart.com,Female,119.171.71.45
518,Ellie,Dunridge,edunridgeed@ifeng.com,Female,114.117.225.107
519,Odetta,Tupper,otupperee@wordpress.org,Female,36.200.96.223
520,Addie,Niland,anilandef@wp.com,Female,169.229.135.87
521,Salaidh,Telfer,stelfereg@icio.us,Female,233.187.83.231
522,Sylvan,Gouge,sgougeeh@mapy.cz,Male,183.84.223.193
523,Keane,Nockalls,knockallsei@mozilla.com,Male,150.77.252.252
524,Ottilie,Dudson,odudsonej@hc360.com,Female,111.131.56.219
525,Mano,Timeby,mtimebyek@who.int,Male,170.8.133.92
526,Georgy,Chatan,gchatanel@clickbank.net,Male,31.127.14.244
527,Saudra,Jenner,sjennerem@ifeng.com,Female,171.34.73.24
528,Colver,Kobes,ckobesen@shinystat.com,Male,233.45.160.220
529,Morten,Mesias,mmesiaseo@parallels.com,Male,228.100.180.76
530,Lennie,Wallbrook,lwallbrookep@typepad.com,Male,23.102.189.92
531,Johanna,Kiffe,jkiffeeq@dailymotion.com,Female,184.47.81.254
532,Calvin,Horrod,chorroder@ca.gov,Male,7.12.222.176
533,Fredric,Welburn,fwelburnes@unc.edu,Male,208.178.62.166
534,Erma,Bruford,ebrufordet@rambler.ru,Female,25.148.217.229
535,Algernon,Guille,aguilleeu@google.it,Male,113.166.216.2
536,Gilli,Walhedd,gwalheddev@sbwire.com,Female,46.211.155.20
537,Glen,Coddrington,gcoddringtonew@examiner.com,Male,108.246.77.251
538,Bennie,Bascomb,bbascombex@sitemeter.com,Male,88.138.72.144
539,Renato,Manger,rmangerey@squarespace.com,Male,1.8.142.70
540,Krishna,O'Shevlan,koshevlanez@cyberchimps.com,Male,229.24.218.240
541,Albert,Rosnau,arosnauf0@jimdo.com,Male,134.21.97.163
542,Rowena,Lucius,rluciusf1@oakley.com,Female,89.227.193.76
543,Galvan,McKillop,gmckillopf2@spiegel.de,Male,67.250.30.127
544,Granville,Fullalove,gfullalovef3@theatlantic.com,Male,217.232.175.47
545,Patricia,Hussell,phussellf4@wordpress.com,Female,224.27.245.95
546,Leupold,Tansly,ltanslyf5@irs.gov,Male,136.60.159.10
547,Yoko,Shailer,yshailerf6@gov.uk,Female,20.82.208.137
548,Linnell,Marwood,lmarwoodf7@51.la,Female,151.46.227.44
549,Shena,Sircomb,ssircombf8@upenn.edu,Female,47.193.6.156
550,Cybill,Jentges,cjentgesf9@ifeng.com,Female,161.225.208.139
551,Zachery,Chaff,zchafffa@hexun.com,Male,156.166.83.190
552,Winston,Matis,wmatisfb@yolasite.com,Male,60.38.138.128
553,Quintana,Lampe,qlampefc@marriott.com,Female,194.100.243.126
554,Morgun,Pearch,mpearchfd@tinypic.com,Male,56.75.243.142
555,Kimberley,Brimacombe,kbrimacombefe@salon.com,Female,16.106.170.157
556,Correna,Beastall,cbeastallff@google.nl,Female,170.198.162.111
557,Nichol,Bellingham,nbellinghamfg@blogs.com,Female,198.171.252.215
558,Suzann,Bednall,sbednallfh@xing.com,Female,165.18.38.64
559,Morgen,Glidden,mgliddenfi@hc360.com,Male,39.40.194.158
560,Torrin,Obbard,tobbardfj@prnewswire.com,Male,10.127.57.67
561,Augustina,Gambie,agambiefk@china.com.cn,Female,84.86.102.134
562,Jori,Elphick,jelphickfl@people.com.cn,Female,242.218.97.173
563,Bank,Cockburn,bcockburnfm@ycombinator.com,Male,246.128.201.190
564,Simone,Garriock,sgarriockfn@google.co.jp,Male,200.137.0.174
565,Arlana,Challener,achallenerfo@digg.com,Female,67.205.173.199
566,Hallsy,Haughian,hhaughianfp@stanford.edu,Male,128.221.130.71
567,Terrill,Leimster,tleimsterfq@huffingtonpost.com,Male,4.212.70.195
568,Darell,Garms,dgarmsfr@surveymonkey.com,Female,243.109.239.181
569,Edythe,Rowston,erowstonfs@diigo.com,Female,202.191.150.50
570,Chastity,Odhams,codhamsft@about.com,Female,140.80.56.230
571,Harriet,Hurdwell,hhurdwellfu@google.nl,Female,135.115.28.238
572,Mateo,Stourton,mstourtonfv@google.com.hk,Male,136.252.199.188
573,Nealson,Lampel,nlampelfw@flickr.com,Male,23.63.239.55
574,Harriott,Elcocks,helcocksfx@cargocollective.com,Female,8.5.168.199
575,Gusella,Trollope,gtrollopefy@posterous.com,Female,18.247.44.87
576,Robbin,Ilbert,rilbertfz@360.cn,Female,117.183.181.254
577,Ivan,Yockley,iyockleyg0@geocities.com,Male,251.190.123.35
578,El,Caser,ecaserg1@google.de,Male,21.183.238.6
579,Mora,Matteucci,mmatteuccig2@java.com,Female,196.190.217.128
580,Christalle,Kintish,ckintishg3@arizona.edu,Female,39.233.207.35
581,Artie,Gerauld,agerauldg4@dell.com,Male,66.60.126.247
582,Gilberte,Barttrum,gbarttrumg5@npr.org,Female,35.111.2.15
583,Hannis,Ryves,hryvesg6@geocities.com,Female,149.218.250.100
584,Edin,Bryce,ebryceg7@webmd.com,Female,240.186.169.12
585,Donovan,Audry,daudryg8@bravesites.com,Male,236.160.17.107
586,Zara,Marcham,zmarchamg9@bigcartel.com,Female,44.17.17.199
587,Benjamen,Harrowell,bharrowellga@livejournal.com,Male,41.251.221.43
588,Fee,Persicke,fpersickegb@wikimedia.org,Male,69.36.221.184
589,Fritz,Tapsfield,ftapsfieldgc@joomla.org,Male,246.145.161.175
590,Saloma,Izaac,sizaacgd@angelfire.com,Female,139.73.40.58
591,Belinda,Watford,bwatfordge@timesonline.co.uk,Female,38.202.4.203
592,Orsola,Corkitt,ocorkittgf@usatoday.com,Female,166.254.147.175
593,Anabel,Swannick,aswannickgg@de.vu,Female,112.204.40.236
594,Barnaby,Kernock,bkernockgh@nasa.gov,Male,77.89.94.123
595,Cully,Linfitt,clinfittgi@clickbank.net,Male,195.214.201.99
596,Kaja,Luipold,kluipoldgj@ted.com,Female,101.135.151.25
597,Zonda,Wasbrough,zwasbroughgk@geocities.jp,Female,232.158.55.25
598,Paolo,Daldan,pdaldangl@intel.com,Male,199.175.40.252
599,Renie,Brettel,rbrettelgm@cbc.ca,Female,192.12.208.182
600,Kippy,Dimmack,kdimmackgn@unc.edu,Male,241.253.157.85
601,Alicia,Reuben,areubengo@gnu.org,Female,65.150.221.114
602,Normy,Rudall,nrudallgp@zimbio.com,Male,242.97.158.244
603,Eustacia,Sprowell,esprowellgq@nydailynews.com,Female,31.193.32.130
604,Kermy,Thrower,kthrowergr@oaic.gov.au,Male,35.166.27.80
605,Delbert,Furmonger,dfurmongergs@51.la,Male,44.13.201.51
606,Fredi,Ireland,firelandgt@virginia.edu,Female,48.237.98.228
607,Dionisio,Dillamore,ddillamoregu@army.mil,Male,44.218.51.58
608,Ellen,Brickett,ebrickettgv@fema.gov,Female,87.178.162.33
609,Felicdad,Scanterbury,fscanterburygw@engadget.com,Female,194.100.175.240
610,Gertrud,Wagon,gwagongx@deviantart.com,Female,105.252.16.68
611,Maisie,Becken,mbeckengy@irs.gov,Female,11.14.214.18
612,Rennie,Beckensall,rbeckensallgz@spotify.com,Female,49.245.222.69
613,Donaugh,Deverale,ddeveraleh0@deliciousdays.com,Male,96.191.217.4
614,Alfie,Cerith,acerithh1@cbsnews.com,Female,97.202.240.79
615,Cleve,Pegden,cpegdenh2@about.com,Male,55.177.38.194
616,Archibaldo,Collip,acolliph3@chron.com,Male,216.81.5.81
617,Stace,Wivell,swivellh4@google.de,Female,156.189.37.243
618,Aaren,Crebo,acreboh5@sbwire.com,Female,69.242.43.64
619,Juliet,Dovidaitis,jdovidaitish6@friendfeed.com,Female,96.2.222.118
620,Renault,Marshland,rmarshlandh7@devhub.com,Male,255.40.79.121
621,Avictor,Baggiani,abaggianih8@netscape.com,Male,99.80.91.8
622,Britni,Grahl,bgrahlh9@indiegogo.com,Female,12.252.168.212
623,Pamela,Iddens,piddensha@ehow.com,Female,144.173.205.100
624,Tyler,Kippin,tkippinhb@dmoz.org,Male,24.3.57.135
625,Tisha,Deegan,tdeeganhc@elegantthemes.com,Female,83.94.3.124
626,Gunter,Ghidoni,gghidonihd@fotki.com,Male,45.79.171.202
627,Joanna,Stang-Gjertsen,jstanggjertsenhe@canalblog.com,Female,46.218.43.206
628,Fremont,Clayhill,fclayhillhf@fc2.com,Male,94.133.208.98
629,Felic,Folkerd,ffolkerdhg@mapquest.com,Male,131.168.72.70
630,Rollie,Klejna,rklejnahh@foxnews.com,Male,143.159.246.180
631,Tatum,Theobald,ttheobaldhi@histats.com,Female,204.226.139.92
632,Constantine,Cockayme,ccockaymehj@google.co.uk,Male,200.108.230.224
633,Aharon,McCloch,amcclochhk@youku.com,Male,29.125.150.45
634,Ivette,Djuricic,idjuricichl@constantcontact.com,Female,50.66.199.181
635,Welch,Feek,wfeekhm@unblog.fr,Male,114.127.148.200
636,Simeon,Devote,sdevotehn@ed.gov,Male,198.94.167.23
637,Analiese,Caygill,acaygillho@wordpress.org,Female,233.69.71.69
638,Noreen,Dunn,ndunnhp@icq.com,Female,191.26.97.254
639,Thornton,Grogono,tgrogonohq@google.co.jp,Male,187.125.145.240
640,Marcello,Diss,mdisshr@storify.com,Male,19.181.241.245
641,Agosto,Wordsworth,awordsworthhs@ebay.co.uk,Male,196.111.149.138
642,Rudyard,Girodin,rgirodinht@digg.com,Male,103.64.116.39
643,Brig,Fenty,bfentyhu@twitter.com,Male,244.106.244.118
644,Burch,Granleese,bgranleesehv@geocities.jp,Male,80.49.61.152
645,Callean,L'oiseau,cloiseauhw@ifeng.com,Male,134.62.237.194
646,Kipp,Cosyns,kcosynshx@vistaprint.com,Male,198.228.212.44
647,Shoshanna,Alloway,sallowayhy@pagesperso-orange.fr,Female,0.73.113.26
648,Yankee,Bakey,ybakeyhz@howstuffworks.com,Male,245.89.14.64
649,Binnie,McCartan,bmccartani0@tripadvisor.com,Female,145.149.104.242
650,Barthel,Lander,blanderi1@theglobeandmail.com,Male,175.167.51.133
651,Welch,Sillitoe,wsillitoei2@un.org,Male,59.92.2.245
652,Dorette,Giff,dgiffi3@altervista.org,Female,229.32.132.64
653,Claudine,Docker,cdockeri4@blinklist.com,Female,158.237.67.211
654,Corabelle,Hames,chamesi5@a8.net,Female,219.157.9.181
655,Lacy,Stranks,lstranksi6@hhs.gov,Female,191.25.44.162
656,Rora,Lyard,rlyardi7@google.nl,Female,191.247.9.62
657,Leona,Helliker,lhellikeri8@seesaa.net,Female,76.241.23.96
658,Brigida,Dunphie,bdunphiei9@phpbb.com,Female,79.46.163.131
659,Faustine,Irnys,firnysia@weebly.com,Female,49.117.46.122
660,Vanya,Sincock,vsincockib@1688.com,Male,165.237.214.147
661,Tammie,Coolican,tcoolicanic@prnewswire.com,Female,248.207.81.132
662,Rawley,Maypole,rmaypoleid@squarespace.com,Male,112.88.189.183
663,Elias,Daw,edawie@ycombinator.com,Male,17.39.130.79
664,Nadean,Tumioto,ntumiotoif@china.com.cn,Female,132.209.145.120
665,Sascha,Parminter,sparminterig@privacy.gov.au,Female,160.67.35.26
666,Dasie,Blackden,dblackdenih@indiatimes.com,Female,76.77.61.136
667,Marlyn,Hellcat,mhellcatii@unc.edu,Female,30.50.80.87
668,Zora,Matysik,zmatysikij@wufoo.com,Female,136.176.25.123
669,Brock,Wigfall,bwigfallik@jigsy.com,Male,194.198.6.144
670,Ashlan,Lazenby,alazenbyil@omniture.com,Female,105.200.93.221
671,Kesley,Crozier,kcrozierim@tumblr.com,Female,134.187.106.70
672,Arturo,Budleigh,abudleighin@whitehouse.gov,Male,189.249.116.128
673,Gerianna,Simoni,gsimoniio@google.cn,Female,107.19.42.32
674,Legra,Kineton,lkinetonip@bbb.org,Female,35.87.134.94
675,Eldin,MacCracken,emaccrackeniq@opera.com,Male,255.203.22.233
676,Billie,Willimott,bwillimottir@last.fm,Male,235.70.235.155
677,Tadeo,Medhurst,tmedhurstis@ebay.com,Male,133.149.221.201
678,Lurette,Mercy,lmercyit@parallels.com,Female,70.29.12.7
679,Kaleena,McGovern,kmcgoverniu@ted.com,Female,201.131.96.3
680,Idaline,McGarva,imcgarvaiv@state.tx.us,Female,96.245.226.154
681,Aurel,Graddell,agraddelliw@g.co,Female,216.211.82.16
682,Emelen,Bootes,ebootesix@ucoz.com,Male,88.221.120.143
683,Logan,Ladel,lladeliy@flickr.com,Male,23.78.153.162
684,Rhys,Castelli,rcastelliiz@friendfeed.com,Male,61.140.36.221
685,Shoshana,Merrall,smerrallj0@tmall.com,Female,25.241.129.10
686,Kizzee,Checklin,kchecklinj1@bbc.co.uk,Female,32.54.66.245
687,Selinda,Olpin,solpinj2@loc.gov,Female,7.181.240.182
688,Leicester,Isabell,lisabellj3@meetup.com,Male,78.213.229.205
689,Evangeline,Bowkley,ebowkleyj4@pcworld.com,Female,61.178.11.211
690,Lonny,Ruff,lruffj5@bbb.org,Male,238.71.159.109
691,Ignacio,Lamperti,ilampertij6@thetimes.co.uk,Male,204.194.155.249
692,Claudia,O'Brallaghan,cobrallaghanj7@about.me,Female,120.221.253.178
693,Alfy,Priestland,apriestlandj8@rakuten.co.jp,Female,192.252.130.29
694,Berk,Megson,bmegsonj9@drupal.org,Male,233.224.116.58
695,Windy,Timperley,wtimperleyja@cdc.gov,Female,51.157.68.138
696,Tracey,Mathys,tmathysjb@studiopress.com,Female,104.250.244.49
697,Garwood,Turle,gturlejc@illinois.edu,Male,229.197.166.114
698,Maximilien,Thorndale,mthorndalejd@ehow.com,Male,160.230.77.188
699,Marcus,Gianulli,mgianullije@adobe.com,Male,141.31.149.10
700,Pooh,Capineer,pcapineerjf@weebly.com,Female,243.176.100.141
701,Dunn,Bellworthy,dbellworthyjg@studiopress.com,Male,21.82.167.201
702,Trude,Coorington,tcooringtonjh@aboutads.info,Female,171.100.169.117
703,Lowell,Thorn,lthornji@ezinearticles.com,Male,23.182.36.36
704,Eugenie,Bignal,ebignaljj@boston.com,Female,34.56.230.58
705,Guido,Valentinetti,gvalentinettijk@go.com,Male,54.24.39.196
706,Rosmunda,Shire,rshirejl@ucoz.com,Female,229.17.116.150
707,Kirstyn,Axelby,kaxelbyjm@cyberchimps.com,Female,251.129.177.172
708,Silvain,Pittam,spittamjn@yellowbook.com,Male,233.73.106.17
709,Zack,Vazquez,zvazquezjo@nytimes.com,Male,66.108.152.254
710,Eugenius,Duignan,eduignanjp@yellowpages.com,Male,200.238.24.188
711,Massimiliano,Arson,marsonjq@google.it,Male,230.157.65.47
712,Nobie,Ourry,nourryjr@cafepress.com,Male,49.18.59.170
713,Orly,Kinavan,okinavanjs@ning.com,Female,84.201.81.218
714,Pavel,Dowthwaite,pdowthwaitejt@g.co,Male,191.221.225.85
715,Padraig,Waldrum,pwaldrumju@shareasale.com,Male,34.230.212.22
716,Gerik,Sans,gsansjv@wsj.com,Male,19.187.67.182
717,Lowrance,Lammenga,llammengajw@sourceforge.net,Male,29.22.99.37
718,Dale,Du Plantier,dduplantierjx@cpanel.net,Male,31.161.22.71
719,Eleanore,Trollope,etrollopejy@state.gov,Female,61.186.67.16
720,George,Borzone,gborzonejz@buzzfeed.com,Male,55.139.63.25
721,Ethyl,Grahamslaw,egrahamslawk0@dot.gov,Female,159.7.156.248
722,Field,Shanley,fshanleyk1@wordpress.com,Male,40.33.238.179
723,Patten,Sneyd,psneydk2@nydailynews.com,Male,255.73.166.230
724,Ermin,Hartridge,ehartridgek3@stumbleupon.com,Male,184.132.112.204
725,Ara,Farmloe,afarmloek4@arizona.edu,Male,105.110.219.54
726,Bryan,Cassely,bcasselyk5@t.co,Male,2.202.177.84
727,Dierdre,Lahrs,dlahrsk6@elegantthemes.com,Female,184.42.218.171
728,Penni,Serridge,pserridgek7@ifeng.com,Female,44.65.126.199
729,Hattie,Landon,hlandonk8@com.com,Female,227.196.130.241
730,Farly,Bolsteridge,fbolsteridgek9@csmonitor.com,Male,252.224.115.76
731,Gisella,Vearncomb,gvearncombka@craigslist.org,Female,52.123.180.187
732,Skipp,Surgeon,ssurgeonkb@indiegogo.com,Male,8.227.133.163
733,Bobette,Rearie,breariekc@flickr.com,Female,204.183.194.141
734,Opal,Redgrove,oredgrovekd@discovery.com,Female,63.245.162.0
735,Devlin,Westmarland,dwestmarlandke@examiner.com,Male,213.220.238.16
736,Benetta,Muldowney,bmuldowneykf@msn.com,Female,76.97.6.63
737,Jocelin,Leband,jlebandkg@quantcast.com,Female,187.90.233.54
738,Giraldo,O'Dyvoy,godyvoykh@scribd.com,Male,193.113.174.26
739,Marla,Wilbore,mwilboreki@smh.com.au,Female,145.98.97.26
740,Elenore,Croker,ecrokerkj@slashdot.org,Female,109.76.1.99
741,Dulcia,Amoore,damoorekk@mozilla.org,Female,183.89.205.227
742,Caldwell,Danbye,cdanbyekl@nytimes.com,Male,188.219.111.209
743,Hill,Jerome,hjeromekm@adobe.com,Male,78.23.2.228
744,Genvieve,Kort,gkortkn@theglobeandmail.com,Female,124.106.230.175
745,Sam,Dowle,sdowleko@princeton.edu,Female,218.4.109.18
746,Fonsie,Wing,fwingkp@angelfire.com,Male,182.205.69.251
747,Shae,Ewbanche,sewbanchekq@mayoclinic.com,Male,242.22.113.80
748,Dniren,Petrasso,dpetrassokr@godaddy.com,Female,226.100.65.125
749,Hymie,Nowland,hnowlandks@github.io,Male,95.90.236.104
750,Yvonne,Scarre,yscarrekt@deviantart.com,Female,39.162.58.52
751,Thomasa,Blare,tblareku@ucsd.edu,Female,108.229.143.202
752,Lola,Lowton,llowtonkv@google.cn,Female,213.107.143.157
753,Laureen,Pellington,lpellingtonkw@businessweek.com,Female,143.157.85.71
754,Kattie,Andreaccio,kandreacciokx@w3.org,Female,133.206.114.39
755,Edouard,Royson,eroysonky@bravesites.com,Male,128.135.227.253
756,Ulises,Gipp,ugippkz@weibo.com,Male,88.4.63.227
757,Vincents,Georgius,vgeorgiusl0@jugem.jp,Male,158.36.70.253
758,Annabela,Wynes,awynesl1@mysql.com,Female,230.8.53.212
759,Alford,Birmingham,abirminghaml2@bizjournals.com,Male,41.146.122.254
760,Farr,D'Enrico,fdenricol3@mapquest.com,Male,53.125.162.33
761,Britt,Stringer,bstringerl4@hc360.com,Male,220.12.40.82
762,Tiphany,Cowerd,tcowerdl5@blogtalkradio.com,Female,48.43.251.199
763,Maribeth,Gilpillan,mgilpillanl6@soup.io,Female,124.162.121.188
764,Marcos,Deppe,mdeppel7@tinypic.com,Male,42.143.128.170
765,Lew,Emmanueli,lemmanuelil8@livejournal.com,Male,110.191.166.8
766,Elbert,Castaner,ecastanerl9@taobao.com,Male,44.159.211.101
767,Rudie,Bedenham,rbedenhamla@cafepress.com,Male,190.228.248.226
768,Peder,Elmore,pelmorelb@nih.gov,Male,60.175.103.108
769,Adeline,Hansod,ahansodlc@furl.net,Female,180.119.164.91
770,Nikolai,Cartan,ncartanld@wp.com,Male,68.76.125.128
771,Karel,Beesley,kbeesleyle@auda.org.au,Male,162.10.118.159
772,Thebault,Hankin,thankinlf@jalbum.net,Male,11.198.95.21
773,Nevins,Drivers,ndriverslg@imdb.com,Male,162.110.56.40
774,Auroora,Vedyasov,avedyasovlh@aol.com,Female,53.248.149.97
775,Darcy,Schurig,dschurigli@patch.com,Female,57.26.51.206
776,Miller,Sargint,msargintlj@ow.ly,Male,41.187.69.72
777,Lynnelle,Sallinger,lsallingerlk@imgur.com,Female,234.189.141.254
778,Lorettalorna,Aves,lavesll@deviantart.com,Female,134.54.14.73
779,Loralie,Gardner,lgardnerlm@canalblog.com,Female,243.136.142.245
780,Raphael,Jephcote,rjephcoteln@youtube.com,Male,140.246.220.94
781,Liza,Aaronson,laaronsonlo@linkedin.com,Female,40.250.143.225
782,Bellanca,Fidal,bfidallp@ed.gov,Female,171.186.234.72
783,Farlee,Ballach,fballachlq@linkedin.com,Male,202.26.7.249
784,Blakelee,Bengoechea,bbengoechealr@netlog.com,Female,89.106.209.45
785,Stacy,Lovekin,slovekinls@army.mil,Male,147.135.5.93
786,Westleigh,Binion,wbinionlt@macromedia.com,Male,228.26.114.230
787,Danella,Dougary,ddougarylu@multiply.com,Female,176.58.35.181
788,Alvira,Lympany,alympanylv@loc.gov,Female,193.78.100.118
789,Trudey,Packington,tpackingtonlw@parallels.com,Female,56.150.108.60
790,Waldemar,Petty,wpettylx@go.com,Male,92.16.203.38
791,Myrwyn,Bugge,mbuggely@goo.gl,Male,224.22.139.178
792,Johna,Mott,jmottlz@creativecommons.org,Female,240.46.87.198
793,Dionysus,Pilgram,dpilgramm0@java.com,Male,144.204.207.227
794,Pamela,Ogg,poggm1@merriam-webster.com,Female,25.153.151.138
795,Pegeen,Cota,pcotam2@mtv.com,Female,195.177.73.226
796,Monro,Winpenny,mwinpennym3@wordpress.org,Male,153.0.104.39
797,Helaine,Maasze,hmaaszem4@house.gov,Female,101.10.186.225
798,Casey,Stoke,cstokem5@nbcnews.com,Female,107.127.184.190
799,Laurent,Slad,lsladm6@ehow.com,Male,57.3.61.201
800,Emelyne,Laverick,elaverickm7@mozilla.org,Female,65.43.18.206
801,Lia,Comellini,lcomellinim8@friendfeed.com,Female,147.167.73.134
802,Damaris,Miles,dmilesm9@e-recht24.de,Female,154.159.229.154
803,Porter,Dufton,pduftonma@imgur.com,Male,173.118.56.174
804,Othello,Thorley,othorleymb@prnewswire.com,Male,209.24.251.11
805,Annora,Cotes,acotesmc@loc.gov,Female,187.91.26.247
806,Modestia,Snelgrove,msnelgrovemd@arizona.edu,Female,73.21.3.148
807,Aime,Broome,abroomeme@geocities.jp,Female,117.158.213.95
808,Britney,Tripon,btriponmf@comsenz.com,Female,147.143.64.41
809,Kirbie,Antonignetti,kantonignettimg@networkadvertising.org,Female,117.25.145.201
810,Wesley,Scallan,wscallanmh@tripadvisor.com,Male,126.144.237.172
811,Wylie,Hylden,whyldenmi@gmpg.org,Male,10.21.231.196
812,Abra,Norman,anormanmj@census.gov,Female,146.160.109.55
813,Clair,Botha,cbothamk@indiegogo.com,Female,241.101.228.123
814,Cristian,Luby,clubyml@tumblr.com,Male,93.68.198.240
815,Yolanda,Jepensen,yjepensenmm@cnbc.com,Female,105.247.153.85
816,Minette,Thaxter,mthaxtermn@pbs.org,Female,166.128.88.213
817,Eberto,Tellenbroker,etellenbrokermo@youtu.be,Male,116.192.23.44
818,Dorotea,Ivkovic,divkovicmp@blogs.com,Female,115.124.48.27
819,Christi,Blacksland,cblackslandmq@sciencedaily.com,Female,195.141.16.192
820,Ameline,Ballard,aballardmr@theatlantic.com,Female,90.22.143.205
821,Chadd,Conkey,cconkeyms@pbs.org,Male,232.223.72.197
822,Stavro,Harbidge,sharbidgemt@skype.com,Male,169.243.24.12
823,Virge,Montford,vmontfordmu@huffingtonpost.com,Male,20.21.106.98
824,Raychel,Murcutt,rmurcuttmv@wikia.com,Female,223.18.171.153
825,Winnah,Bentinck,wbentinckmw@usa.gov,Female,111.211.142.182
826,Tabb,Showen,tshowenmx@jigsy.com,Male,249.170.76.121
827,Trenton,Scolli,tscollimy@flavors.me,Male,79.177.203.91
828,Eric,Gainsburgh,egainsburghmz@digg.com,Male,181.70.137.251
829,Cheri,Dudderidge,cdudderidgen0@uiuc.edu,Female,70.170.46.228
830,Giulio,Lewinton,glewintonn1@apple.com,Male,92.187.64.235
831,Travis,Irvine,tirvinen2@sciencedirect.com,Male,95.200.159.64
832,Willdon,Truder,wtrudern3@technorati.com,Male,140.210.209.18
833,Matthieu,Tomczykiewicz,mtomczykiewiczn4@a8.net,Male,228.65.147.36
834,Elliott,Pendrigh,ependrighn5@techcrunch.com,Male,180.102.235.18
835,Ernie,Kiendl,ekiendln6@opera.com,Male,173.15.100.84
836,Arlyn,Newvill,anewvilln7@e-recht24.de,Female,180.54.80.64
837,Vivienne,Buckner,vbucknern8@accuweather.com,Female,244.21.60.193
838,Abigael,Tumelty,atumeltyn9@xrea.com,Female,160.146.107.35
839,Robby,Stowgill,rstowgillna@amazon.de,Male,157.58.67.117
840,Casey,Wind,cwindnb@umn.edu,Male,201.188.107.128
841,Nappy,Bento,nbentonc@facebook.com,Male,207.242.158.183
842,Ive,Ubsdell,iubsdellnd@marketwatch.com,Male,16.170.82.223
843,Deeyn,Gluyas,dgluyasne@boston.com,Female,96.6.226.167
844,Carson,Simnell,csimnellnf@mayoclinic.com,Male,199.113.29.194
845,Modestia,Hingeley,mhingeleyng@bing.com,Female,31.98.133.146
846,Torre,Thresh,tthreshnh@t-online.de,Male,114.206.211.193
847,Marius,Cotes,mcotesni@e-recht24.de,Male,109.200.177.50
848,Gilemette,Walklett,gwalklettnj@ihg.com,Female,33.158.20.126
849,Pollyanna,Gilardengo,pgilardengonk@google.com.br,Female,104.21.29.149
850,Ikey,Stang-Gjertsen,istanggjertsennl@rakuten.co.jp,Male,176.129.116.106
851,Lem,Boyson,lboysonnm@feedburner.com,Male,128.173.140.205
852,Yankee,Gilfether,ygilfethernn@pagesperso-orange.fr,Male,189.210.223.39
853,Halie,Skaife d'Ingerthorpe,hskaifedingerthorpeno@constantcontact.com,Female,41.174.95.193
854,Jock,Cattlow,jcattlownp@dailymotion.com,Male,106.83.15.52
855,Alastair,Shann,ashannnq@mapy.cz,Male,147.246.80.31
856,Denver,Pachmann,dpachmannnr@google.ru,Male,94.148.236.15
857,Andonis,Jentges,ajentgesns@economist.com,Male,70.153.126.251
858,Yorgo,Ramelot,yramelotnt@about.me,Male,212.137.43.154
859,Zaria,Giuron,zgiuronnu@google.ru,Female,219.126.175.91
860,Ewart,Mears,emearsnv@salon.com,Male,122.69.204.218
861,Jamison,Yven,jyvennw@lulu.com,Male,17.36.37.56
862,Stavro,Featherstone,sfeatherstonenx@tiny.cc,Male,54.218.22.73
863,Emmeline,Potkins,epotkinsny@themeforest.net,Female,89.248.115.234
864,Gwenette,Bisterfeld,gbisterfeldnz@pagesperso-orange.fr,Female,188.93.23.234
865,Leland,Ockwell,lockwello0@wp.com,Male,148.70.4.172
866,Shantee,O'Griffin,sogriffino1@csmonitor.com,Female,232.77.97.102
867,Archie,Antoinet,aantoineto2@apache.org,Male,3.231.151.9
868,Becky,Mourgue,bmourgueo3@jalbum.net,Female,212.179.159.20
869,Mireille,Buller,mbullero4@netlog.com,Female,96.248.158.165
870,Imelda,Labden,ilabdeno5@feedburner.com,Female,42.130.53.132
871,Karlen,Dawbery,kdawberyo6@simplemachines.org,Female,35.10.205.218
872,Gabie,Costellow,gcostellowo7@tiny.cc,Female,225.9.249.8
873,Forrest,Brookesbie,fbrookesbieo8@dmoz.org,Male,57.190.231.12
874,Brenden,Ragge,braggeo9@meetup.com,Male,129.26.34.145
875,Dede,Blazdell,dblazdelloa@loc.gov,Female,170.233.167.25
876,Colby,Wreford,cwrefordob@mtv.com,Male,85.249.97.124
877,Gus,Lilleyman,glilleymanoc@umn.edu,Female,188.26.29.175
878,Randene,Greeves,rgreevesod@wordpress.com,Female,151.109.77.105
879,Robinett,Eckart,reckartoe@java.com,Female,254.97.241.203
880,Ediva,Greensides,egreensidesof@amazon.co.uk,Female,68.136.201.124
881,Tiffanie,Daud,tdaudog@sakura.ne.jp,Female,12.0.188.43
882,Reggie,Woodcroft,rwoodcroftoh@drupal.org,Male,84.36.22.120
883,Brendin,Vogele,bvogeleoi@webnode.com,Male,90.136.133.106
884,Garrard,Rupp,gruppoj@studiopress.com,Male,204.131.9.220
885,Quintus,Casaccio,qcasacciook@issuu.com,Male,121.167.248.173
886,Dal,Dood,ddoodol@amazonaws.com,Male,231.230.141.141
887,Nollie,Mann,nmannom@mlb.com,Male,242.155.77.217
888,Norene,Cockill,ncockillon@aol.com,Female,52.80.168.148
889,Gordan,O'Crevy,gocrevyoo@disqus.com,Male,244.19.232.172
890,Frazier,Clavering,fclaveringop@pinterest.com,Male,249.22.5.222
891,Candie,Deesly,cdeeslyoq@java.com,Female,115.41.66.233
892,Abbie,English,aenglishor@purevolume.com,Male,185.139.172.233
893,Jackqueline,Simoes,jsimoesos@odnoklassniki.ru,Female,98.65.60.92
894,Megen,Hallan,mhallanot@ucsd.edu,Female,51.246.202.44
895,Ebenezer,Pietrasik,epietrasikou@blog.com,Male,118.37.189.49
896,Moshe,Haslewood,mhaslewoodov@hhs.gov,Male,9.249.133.48
897,Marena,Jentin,mjentinow@tripod.com,Female,60.30.75.88
898,Lucais,Fotherby,lfotherbyox@latimes.com,Male,28.167.216.72
899,Terri-jo,Binnes,tbinnesoy@ebay.co.uk,Female,126.38.53.155
900,Roslyn,Lamprey,rlampreyoz@noaa.gov,Female,9.158.84.94
901,Kat,Bickmore,kbickmorep0@lulu.com,Female,63.182.60.70
902,Cassie,Santore,csantorep1@gravatar.com,Female,219.53.248.235
903,Valina,Moretto,vmorettop2@ucoz.ru,Female,48.114.237.147
904,Flora,Jarmain,fjarmainp3@bluehost.com,Female,22.221.109.59
905,Peadar,Marc,pmarcp4@cnn.com,Male,151.142.33.149
906,Pippa,Baiden,pbaidenp5@soundcloud.com,Female,52.33.9.111
907,Vin,Caroll,vcarollp6@blog.com,Male,31.99.191.77
908,Kiah,Skillanders,kskillandersp7@vistaprint.com,Female,252.111.104.248
909,Calypso,Cowderay,ccowderayp8@feedburner.com,Female,213.105.101.165
910,Heddi,Janatka,hjanatkap9@hugedomains.com,Female,68.224.9.119
911,Glenden,Nozzolii,gnozzoliipa@xing.com,Male,140.233.215.170
912,Abel,Wherton,awhertonpb@engadget.com,Male,236.123.23.183
913,Regan,Thorsen,rthorsenpc@npr.org,Female,108.58.222.59
914,Syman,Studdard,sstuddardpd@examiner.com,Male,42.226.3.116
915,Celia,Dannatt,cdannattpe@ezinearticles.com,Female,213.70.194.245
916,Nev,O'Shee,nosheepf@ted.com,Male,177.72.9.36
917,Angus,Dunkerton,adunkertonpg@nifty.com,Male,187.225.225.86
918,Allyson,Arsmith,aarsmithph@narod.ru,Female,79.41.82.117
919,Jobye,Swindell,jswindellpi@taobao.com,Female,193.227.214.90
920,Fraser,Vivians,fvivianspj@pinterest.com,Male,56.120.201.8
921,Brenden,Andriolli,bandriollipk@aboutads.info,Male,92.96.217.48
922,Benetta,Edmundson,bedmundsonpl@themeforest.net,Female,28.77.120.150
923,Henrietta,Verbeke,hverbekepm@columbia.edu,Female,121.176.70.19
924,Jarad,Maris,jmarispn@auda.org.au,Male,202.180.118.139
925,Konstanze,Plaistowe,kplaistowepo@wikia.com,Female,156.75.102.175
926,Katy,Selwyne,kselwynepp@example.com,Female,19.35.61.19
927,Lela,Krink,lkrinkpq@spiegel.de,Female,147.131.39.137
928,Marjie,McCrystal,mmccrystalpr@gmpg.org,Female,135.4.200.67
929,Jorgan,Gallear,jgallearps@cloudflare.com,Male,202.13.118.111
930,Gerty,Raven,gravenpt@istockphoto.com,Female,123.226.250.230
931,Zita,Shannahan,zshannahanpu@spiegel.de,Female,1.201.168.181
932,Devondra,Castelin,dcastelinpv@weather.com,Female,240.241.66.201
933,Mari,Pittendreigh,mpittendreighpw@discuz.net,Female,32.107.183.79
934,Stacy,Dugald,sdugaldpx@illinois.edu,Female,223.112.182.188
935,Malissa,Gabbatt,mgabbattpy@wordpress.com,Female,140.35.167.98
936,Parrnell,Schwaiger,pschwaigerpz@mozilla.com,Male,231.209.104.65
937,Cristy,Commings,ccommingsq0@wikimedia.org,Female,97.76.184.123
938,Michal,Brockbank,mbrockbankq1@zimbio.com,Male,118.156.249.212
939,Con,Dowdell,cdowdellq2@reverbnation.com,Male,237.115.233.236
940,Linnea,Hissie,lhissieq3@google.com,Female,5.138.54.145
941,Dwain,Garces,dgarcesq4@dagondesign.com,Male,94.243.243.234
942,Kippy,Danilovich,kdanilovichq5@yellowpages.com,Female,194.95.183.110
943,Rafa,Loy,rloyq6@ucsd.edu,Female,49.178.137.163
944,Brad,Grutchfield,bgrutchfieldq7@github.com,Male,240.185.111.194
945,Allard,Badrick,abadrickq8@slashdot.org,Male,246.117.51.254
946,Patty,Meeron,pmeeronq9@acquirethisname.com,Male,41.195.208.124
947,Alleyn,Sincock,asincockqa@mit.edu,Male,172.138.42.7
948,Berkie,Readwood,breadwoodqb@jigsy.com,Male,149.223.71.252
949,Mathew,Rycraft,mrycraftqc@csmonitor.com,Male,95.143.117.216
950,Willamina,Neaves,wneavesqd@g.co,Female,93.206.129.94
951,Garland,Shalloo,gshallooqe@jugem.jp,Female,213.211.128.108
952,Gothart,Jeandon,gjeandonqf@purevolume.com,Male,224.132.5.148
953,Luz,Lamping,llampingqg@wikimedia.org,Female,77.199.176.150
954,Jamey,Paulo,jpauloqh@sakura.ne.jp,Male,21.148.103.201
955,Mirabella,Holberry,mholberryqi@oracle.com,Female,204.33.164.202
956,Una,McCarney,umccarneyqj@altervista.org,Female,162.149.234.43
957,Matty,Schachter,mschachterqk@dailymail.co.uk,Male,97.46.135.136
958,Dell,Foye,dfoyeql@blog.com,Female,211.209.21.167
959,Sandy,Osanne,sosanneqm@bloglines.com,Female,90.115.58.121
960,Rogers,Rentoll,rrentollqn@acquirethisname.com,Male,55.61.18.247
961,Pancho,Eilles,peillesqo@oracle.com,Male,209.204.134.30
962,Gallard,McCarlie,gmccarlieqp@posterous.com,Male,84.189.69.60
963,Jarret,Toolan,jtoolanqq@de.vu,Male,250.138.170.21
964,Hally,Bloomer,hbloomerqr@ustream.tv,Female,159.242.29.73
965,Abran,Figurski,afigurskiqs@about.com,Male,241.224.57.109
966,Cece,Brougham,cbroughamqt@mysql.com,Male,187.161.34.174
967,Elenore,Bramwich,ebramwichqu@comcast.net,Female,54.166.236.63
968,Mattheus,Vischi,mvischiqv@trellian.com,Male,253.60.107.58
969,Logan,Romaine,lromaineqw@spotify.com,Male,87.50.32.40
970,Rafael,Dalyell,rdalyellqx@who.int,Male,6.91.223.84
971,Ynez,Odhams,yodhamsqy@yolasite.com,Female,178.17.75.152
972,Barclay,Glencrosche,bglencroscheqz@irs.gov,Male,112.105.224.90
973,Corabelle,Hatherley,chatherleyr0@geocities.jp,Female,135.235.247.154
974,Fredelia,Bachs,fbachsr1@wiley.com,Female,238.228.122.95
975,Claudianus,Rands,crandsr2@ehow.com,Male,93.104.216.105
976,Cecil,Finlason,cfinlasonr3@networkadvertising.org,Male,122.35.23.80
977,Clerissa,Vennard,cvennardr4@cmu.edu,Female,57.185.134.29
978,Abbe,Ledington,aledingtonr5@miibeian.gov.cn,Male,24.246.137.18
979,Letitia,Liebrecht,lliebrechtr6@ucla.edu,Female,67.154.8.111
980,Iosep,Loton,ilotonr7@cargocollective.com,Male,147.213.162.199
981,Toma,Newvill,tnewvillr8@tinyurl.com,Female,125.211.85.11
982,Niki,Beauchamp,nbeauchampr9@deviantart.com,Female,248.75.225.119
983,Bail,Fallawe,bfallawera@live.com,Male,66.147.224.89
984,Frannie,Orwin,forwinrb@e-recht24.de,Female,132.14.10.189
985,Shawnee,Pasquale,spasqualerc@psu.edu,Female,164.220.97.148
986,Dedie,Redhills,dredhillsrd@java.com,Female,23.166.5.58
987,Krissie,Coda,kcodare@people.com.cn,Female,226.36.206.130
988,Cherianne,Weavill,cweavillrf@yahoo.co.jp,Female,253.76.45.238
989,Jerrome,Tomkiss,jtomkissrg@cpanel.net,Male,182.226.171.129
990,Terrie,Chessun,tchessunrh@biglobe.ne.jp,Female,228.164.5.20
991,Krystalle,Dews,kdewsri@webmd.com,Female,181.159.23.73
992,Lorenzo,Ligerton,lligertonrj@chicagotribune.com,Male,172.229.118.229
993,Camilla,Inwood,cinwoodrk@over-blog.com,Female,14.239.127.103
994,Yettie,Dedrick,ydedrickrl@pcworld.com,Female,128.51.185.181
995,Renell,Tittershill,rtittershillrm@craigslist.org,Female,228.109.76.210
996,Ruby,Gue,rguern@newyorker.com,Female,249.3.54.46
997,Pammy,Whitebread,pwhitebreadro@samsung.com,Female,37.205.184.228
998,Benoit,Ridge,bridgerp@sitemeter.com,Male,156.25.197.180
999,Collie,Benoi,cbenoirq@nytimes.com,Female,138.139.2.33
1000,Prudi,Manon,pmanonrr@unicef.org,Female,239.2.120.225
