id,first_name,last_name,email,gender,ip_address
1,Elwira,Brasener,ebrasener0@printfriendly.com,Female,183.17.183.198
2,Vladimir,Titt,vtitt1@bravesites.com,Male,90.63.152.135
3,Annetta,McLaughlin,amclaughlin2@barnesandnoble.com,Female,70.255.61.31
4,Aurelea,Carvill,acarvill3@typepad.com,Female,113.24.106.9
5,Panchito,Abbott,pabbott4@ehow.com,Male,1.63.107.225
6,Lissi,McGaugie,lmcgaugie5@eepurl.com,Female,151.236.81.56
7,Bennett,Exroll,bexroll6@de.vu,Male,66.236.250.197
8,Drud,Frampton,dframpton7@typepad.com,Male,49.151.152.132
9,Derward,Collyer,dcollyer8@deliciousdays.com,Male,193.252.197.129
10,Connie,Legrave,clegrave9@oakley.com,Female,97.112.15.106
11,Rosalind,Rodolphe,rrodolphea@ebay.com,Female,247.206.55.50
12,Dru,Fantone,dfantoneb@jimdo.com,Female,48.156.21.69
13,Batholomew,Dann,bdannc@opera.com,Male,72.28.113.96
14,Yorker,Gerhts,ygerhtsd@shareasale.com,Male,39.34.112.176
15,Marielle,Curphey,mcurpheye@studiopress.com,Female,35.201.216.99
16,Ivan,Jenkison,ijenkisonf@illinois.edu,Male,255.161.226.149
17,Price,Whillock,pwhillockg@google.co.uk,Male,220.88.72.241
18,Nefen,Perigeaux,nperigeauxh@ow.ly,Male,75.108.9.81
19,Veronique,Gavan,vgavani@who.int,Female,204.52.31.216
20,Rubie,MacAvaddy,rmacavaddyj@nydailynews.com,Female,180.25.198.128
21,Salvador,Diegan,sdiegank@apple.com,Male,15.243.81.81
22,Germaine,Dibdall,gdibdalll@msn.com,Female,221.241.209.71
23,Reeva,Cristofaro,rcristofarom@cnbc.com,Female,42.226.157.78
24,Almeta,Laverenz,alaverenzn@qq.com,Female,138.164.126.203
25,Janela,Mugleston,jmuglestono@infoseek.co.jp,Female,51.8.18.18
26,Elvin,Klempke,eklempkep@blogs.com,Male,174.32.238.198
27,Karoline,Gapper,kgapperq@quantcast.com,Female,55.228.48.84
28,Harlen,Haggeth,hhaggethr@ucoz.com,Male,224.48.146.194
29,Merrielle,Tresvina,mtresvinas@plala.or.jp,Female,114.182.190.158
30,Constantine,Butterworth,cbutterwortht@purevolume.com,Male,88.67.201.43
31,Barby,Muslim,bmuslimu@usnews.com,Female,248.228.61.194
32,Sisile,Colbeck,scolbeckv@lulu.com,Female,226.100.195.1
33,Jozef,Murtell,jmurtellw@miitbeian.gov.cn,Male,107.97.254.139
34,Weber,Weekland,wweeklandx@edublogs.org,Male,247.125.122.92
35,Siana,Marland,smarlandy@ning.com,Female,134.47.195.153
36,Olva,Faux,ofauxz@instagram.com,Female,252.178.243.141
37,Sid,Sheddan,ssheddan10@imdb.com,Male,143.108.31.46
38,Theodore,Crosskill,tcrosskill11@constantcontact.com,Male,177.192.166.5
39,Malinde,Morena,mmorena12@usatoday.com,Female,43.217.45.106
40,Benedick,Renfrew,brenfrew13@disqus.com,Male,187.51.169.19
41,Chris,Wordington,cwordington14@xinhuanet.com,Female,241.90.126.83
42,Lucita,Balfour,lbalfour15@ezinearticles.com,Female,39.248.53.64
43,Chickie,Lau,clau16@netlog.com,Female,154.78.156.171
44,Dorene,Gormley,dgormley17@blog.com,Female,108.91.181.223
45,Maurise,Musk,mmusk18@nps.gov,Male,74.123.173.56
46,Fonz,Comolli,fcomolli19@java.com,Male,115.159.108.174
47,Duke,Itzik,ditzik1a@wsj.com,Male,164.145.116.217
48,Evered,Aldren,ealdren1b@umn.edu,Male,205.30.95.118
49,Avigdor,Worge,aworge1c@earthlink.net,Male,166.187.139.78
50,Brenn,Paramor,bparamor1d@shutterfly.com,Female,79.186.44.196
51,Adrea,Daniaud,adaniaud1e@zdnet.com,Female,91.160.183.105
52,Sigmund,Eve,seve1f@baidu.com,Male,114.209.128.177
53,Georas,Howard - Gater,ghowardgater1g@redcross.org,Male,43.219.83.86
54,Morrie,Bentick,mbentick1h@tmall.com,Male,138.130.78.61
55,Jewel,Redmain,jredmain1i@alibaba.com,Female,126.250.253.50
56,Pren,Celler,pceller1j@dot.gov,Male,71.34.121.122
57,Koressa,Reek,kreek1k@merriam-webster.com,Female,16.233.247.146
58,Zaccaria,Confort,zconfort1l@usatoday.com,Male,156.159.54.194
59,Shermy,Caves,scaves1m@businesswire.com,Male,108.232.139.207
60,Christian,Ailward,cailward1n@networksolutions.com,Male,33.78.103.41
61,Allsun,Mundell,amundell1o@live.com,Female,36.215.100.205
62,Brendin,Peregrine,bperegrine1p@uiuc.edu,Male,242.83.207.36
63,Aubrey,Rushmere,arushmere1q@youku.com,Female,53.147.202.44
64,Ansel,Morrid,amorrid1r@un.org,Male,211.175.145.82
65,Shawn,Lambourne,slambourne1s@zdnet.com,Female,131.210.182.82
66,Anna,Kiehl,akiehl1t@cbsnews.com,Female,188.138.37.191
67,Madeline,Chiese,mchiese1u@cpanel.net,Female,111.215.141.132
68,Faustina,Sousa,fsousa1v@sun.com,Female,183.194.126.144
69,Shep,Elegood,selegood1w@constantcontact.com,Male,240.115.251.4
70,Red,Toffalo,rtoffalo1x@apple.com,Male,99.80.38.40
71,Tawsha,Taynton,ttaynton1y@addthis.com,Female,134.73.62.123
72,Betti,Defont,bdefont1z@furl.net,Female,116.58.2.121
73,Alvin,Wassell,awassell20@surveymonkey.com,Male,81.171.15.134
74,Welsh,Bastone,wbastone21@sbwire.com,Male,4.214.78.54
75,Gleda,Stacey,gstacey22@cmu.edu,Female,82.154.119.40
76,Natassia,Lockner,nlockner23@ezinearticles.com,Female,193.66.103.58
77,Rosita,Petts,rpetts24@nifty.com,Female,203.216.100.59
78,Grantham,Marion,gmarion25@prnewswire.com,Male,198.151.106.29
79,Lionel,Itzkovici,litzkovici26@microsoft.com,Male,90.141.150.91
80,Ramon,Coite,rcoite27@sitemeter.com,Male,196.124.183.122
81,Gawen,Reisenberg,greisenberg28@hugedomains.com,Male,233.3.196.150
82,Peder,Hutchison,phutchison29@sakura.ne.jp,Male,254.24.193.202
83,Bartholomeo,Fortin,bfortin2a@sina.com.cn,Male,153.202.17.58
84,Delano,Traice,dtraice2b@domainmarket.com,Male,24.23.237.138
85,Nero,Hambers,nhambers2c@hud.gov,Male,57.174.109.109
86,Levon,Land,lland2d@shinystat.com,Male,87.91.94.124
87,Shane,Linster,slinster2e@geocities.com,Female,227.30.94.108
88,Micheal,Toope,mtoope2f@wordpress.org,Male,54.13.173.178
89,Betti,Fidell,bfidell2g@ox.ac.uk,Female,43.241.208.209
90,Aleta,Netherclift,anetherclift2h@whitehouse.gov,Female,226.0.214.65
91,Wini,Bullent,wbullent2i@dailymotion.com,Female,249.0.26.30
92,Yolande,Tombs,ytombs2j@usgs.gov,Female,25.140.117.186
93,Grenville,Batter,gbatter2k@earthlink.net,Male,134.162.247.13
94,Clare,Mixworthy,cmixworthy2l@networkadvertising.org,Female,152.8.89.150
95,Corrine,Litherland,clitherland2m@fema.gov,Female,212.23.21.181
96,Cad,Fanti,cfanti2n@mediafire.com,Male,180.55.16.246
97,Nissy,Hannond,nhannond2o@miitbeian.gov.cn,Female,33.171.167.155
98,Jermaine,Sire,jsire2p@adobe.com,Male,54.130.253.149
99,Brinn,Brown,bbrown2q@jimdo.com,Female,114.85.75.12
100,Nathalie,Francombe,nfrancombe2r@eventbrite.com,Female,131.240.35.254
101,Devonne,Doylend,ddoylend2s@unblog.fr,Female,209.82.43.108
102,Tania,Crump,tcrump2t@amazon.co.jp,Female,29.209.214.23
103,Blinnie,Chittie,bchittie2u@salon.com,Female,145.188.4.78
104,Janith,Aleksankin,jaleksankin2v@ihg.com,Female,176.128.70.112
105,Germain,Athow,gathow2w@freewebs.com,Female,242.249.98.29
106,Gunter,Blemings,gblemings2x@networksolutions.com,Male,143.65.200.242
107,Montgomery,Spacy,mspacy2y@digg.com,Male,4.233.109.161
108,Cecile,Brabbs,cbrabbs2z@devhub.com,Female,14.222.172.153
109,Abeu,McTeer,amcteer30@netscape.com,Male,135.0.101.13
110,Maurine,Fildery,mfildery31@patch.com,Female,113.205.130.6
111,Nicolais,Trevaskiss,ntrevaskiss32@sina.com.cn,Male,41.26.39.117
112,Darya,Wulfinger,dwulfinger33@whitehouse.gov,Female,92.140.189.31
113,Silvan,Fredson,sfredson34@homestead.com,Male,160.29.37.239
114,Ollie,Asmus,oasmus35@rambler.ru,Female,232.145.88.130
115,Alicea,O'Heyne,aoheyne36@cafepress.com,Female,4.114.205.67
116,Fred,Simoncini,fsimoncini37@comcast.net,Male,221.149.135.47
117,Goran,Arlidge,garlidge38@oakley.com,Male,162.230.4.87
118,Elvyn,Wellesley,ewellesley39@addtoany.com,Male,233.227.126.161
119,Lucienne,Olivet,lolivet3a@eepurl.com,Female,123.111.232.222
120,Sigismund,Cambell,scambell3b@weather.com,Male,58.66.191.118
121,Philippa,Surmon,psurmon3c@rambler.ru,Female,44.249.113.244
122,Gottfried,Janecek,gjanecek3d@de.vu,Male,57.175.184.37
123,Ladonna,Pumphrey,lpumphrey3e@theglobeandmail.com,Female,105.122.222.14
124,Natal,Leed,nleed3f@nps.gov,Male,93.81.107.22
125,Sanderson,Hoffner,shoffner3g@rediff.com,Male,254.174.174.246
126,Christophe,Cantera,ccantera3h@theglobeandmail.com,Male,37.112.60.50
127,Fulton,Linthead,flinthead3i@jalbum.net,Male,37.138.159.97
128,Kathie,Bourchier,kbourchier3j@amazon.com,Female,209.68.68.226
129,Ring,Burril,rburril3k@walmart.com,Male,165.145.180.35
130,Nolana,Nansom,nnansom3l@imgur.com,Female,18.81.160.244
131,Lyndsey,Kibbey,lkibbey3m@cam.ac.uk,Female,30.179.152.82
132,Evered,Eliassen,eeliassen3n@geocities.com,Male,63.23.162.104
133,Hana,Fairburne,hfairburne3o@house.gov,Female,123.151.130.137
134,Beulah,Freestone,bfreestone3p@walmart.com,Female,194.97.193.83
135,Kingston,Rogger,krogger3q@salon.com,Male,136.47.82.238
136,Elfreda,Eliet,eeliet3r@wp.com,Female,88.216.244.130
137,Cindelyn,Flaubert,cflaubert3s@cpanel.net,Female,128.232.147.177
138,Sawyer,Fendlen,sfendlen3t@chronoengine.com,Male,160.131.47.21
139,Bobbie,Woofenden,bwoofenden3u@salon.com,Male,210.63.146.80
140,Devina,Gullen,dgullen3v@harvard.edu,Female,185.204.66.239
141,Tildy,Strewther,tstrewther3w@fotki.com,Female,137.185.78.162
142,Harlene,McCue,hmccue3x@globo.com,Female,77.126.67.125
143,Heda,Jurisic,hjurisic3y@yellowbook.com,Female,29.62.230.122
144,Rosabel,Hubery,rhubery3z@marketwatch.com,Female,33.182.94.53
145,Nataniel,Bertin,nbertin40@yahoo.co.jp,Male,74.164.244.154
146,Lena,Haddrill,lhaddrill41@1688.com,Female,29.15.10.31
147,Cornie,Schrader,cschrader42@squidoo.com,Female,233.32.97.116
148,Henriette,McNeillie,hmcneillie43@berkeley.edu,Female,169.145.111.55
149,Patrizius,Zamora,pzamora44@csmonitor.com,Male,102.126.172.172
150,Cris,Kesby,ckesby45@printfriendly.com,Male,62.32.83.71
151,Talia,Graeber,tgraeber46@amazon.co.jp,Female,189.183.197.26
152,Glendon,Joseph,gjoseph47@microsoft.com,Male,135.50.123.64
153,Ulrick,Durgan,udurgan48@networksolutions.com,Male,77.196.74.194
154,Marje,Rushton,mrushton49@imageshack.us,Female,113.149.185.243
155,Maisey,Dankersley,mdankersley4a@oakley.com,Female,159.192.230.19
156,Allard,Stangroom,astangroom4b@google.pl,Male,104.210.159.71
157,Tana,McDunlevy,tmcdunlevy4c@forbes.com,Female,243.100.135.103
158,Hendrick,Petrashkov,hpetrashkov4d@adobe.com,Male,15.158.148.140
159,Stefano,Silley,ssilley4e@simplemachines.org,Male,36.98.112.149
160,Jeffrey,Keatch,jkeatch4f@globo.com,Male,124.61.95.206
161,Maximilian,Erett,merett4g@psu.edu,Male,229.119.158.138
162,Gordy,Shuttlewood,gshuttlewood4h@parallels.com,Male,216.19.20.19
163,Alix,Rooze,arooze4i@statcounter.com,Male,187.178.8.47
164,Marcile,McMullen,mmcmullen4j@digg.com,Female,39.222.10.28
165,Syman,Fassum,sfassum4k@forbes.com,Male,17.76.133.152
166,Hewet,Haliday,hhaliday4l@github.io,Male,234.172.142.98
167,Ram,Slorach,rslorach4m@alibaba.com,Male,162.74.91.181
168,Angelika,Borrie,aborrie4n@nsw.gov.au,Female,32.21.186.249
169,Tremain,Shrubb,tshrubb4o@etsy.com,Male,236.194.201.70
170,Barnaby,Di Batista,bdibatista4p@google.ru,Male,11.113.207.138
171,Leopold,Larret,llarret4q@indiatimes.com,Male,25.99.245.153
172,Cindie,O' Sullivan,cosullivan4r@icio.us,Female,183.165.88.37
173,Jasmina,Darlasson,jdarlasson4s@irs.gov,Female,142.145.128.134
174,Pierce,Etuck,petuck4t@apache.org,Male,222.194.143.188
175,Louella,Cohalan,lcohalan4u@example.com,Female,163.160.165.4
176,Marcela,Daoust,mdaoust4v@un.org,Female,113.229.88.22
177,Mona,Twinbourne,mtwinbourne4w@linkedin.com,Female,85.57.9.39
178,Xena,Summerrell,xsummerrell4x@hp.com,Female,124.153.70.4
179,Prentice,Gress,pgress4y@indiatimes.com,Male,90.44.110.72
180,Grete,Hague,ghague4z@nbcnews.com,Female,22.73.223.21
181,Rorie,Glenwright,rglenwright50@gizmodo.com,Female,58.205.28.47
182,Sharl,Zanelli,szanelli51@tripod.com,Female,120.113.77.71
183,Harlan,Bohlje,hbohlje52@wikipedia.org,Male,41.55.160.173
184,Gregory,Tabbernor,gtabbernor53@parallels.com,Male,3.94.171.13
185,Marje,Seadon,mseadon54@chron.com,Female,155.54.151.220
186,Meta,Rymill,mrymill55@netlog.com,Female,109.175.37.136
187,Laurence,Agent,lagent56@vistaprint.com,Male,246.12.3.186
188,Fidela,Baal,fbaal57@archive.org,Female,164.229.91.48
189,Easter,Canacott,ecanacott58@hostgator.com,Female,40.15.87.71
190,Kahaleel,Gottelier,kgottelier59@github.io,Male,82.138.36.21
191,Ingram,Hurd,ihurd5a@hatena.ne.jp,Male,214.23.248.188
192,Juline,Brou,jbrou5b@mapy.cz,Female,135.172.100.110
193,Jacquelynn,Gasnell,jgasnell5c@usgs.gov,Female,142.47.224.224
194,Ingeborg,Treharne,itreharne5d@mozilla.org,Female,230.149.93.104
195,Dru,Corrigan,dcorrigan5e@purevolume.com,Female,43.81.208.178
196,Maia,La Grange,mlagrange5f@paypal.com,Female,42.38.192.92
197,Michelle,O'Tuohy,motuohy5g@businesswire.com,Female,10.2.97.151
198,Addison,Whitear,awhitear5h@state.gov,Male,145.81.142.31
199,Pattie,Halse,phalse5i@phoca.cz,Female,133.27.4.68
200,Curtice,Gittens,cgittens5j@hp.com,Male,109.177.193.86
201,Rene,Tilliards,rtilliards5k@noaa.gov,Male,181.126.47.116
202,Mill,Jay,mjay5l@nifty.com,Male,109.29.71.185
203,Corrie,Fallowes,cfallowes5m@msu.edu,Male,49.109.105.22
204,Lorilyn,Blackmore,lblackmore5n@npr.org,Female,125.33.12.176
205,Kyle,Plumb,kplumb5o@vistaprint.com,Male,135.170.204.71
206,Ettore,Oby,eoby5p@prlog.org,Male,206.243.163.25
207,Therese,Bartos,tbartos5q@ovh.net,Female,128.92.168.141
208,Wallis,Broseman,wbroseman5r@nytimes.com,Male,223.31.13.158
209,Zia,Huffadine,zhuffadine5s@scribd.com,Female,83.211.143.109
210,Gawen,Gawen,ggawen5t@pbs.org,Male,117.84.34.228
211,Roselin,Waltho,rwaltho5u@npr.org,Female,55.77.53.254
212,Rennie,Sire,rsire5v@ow.ly,Female,9.170.187.170
213,Lea,Bernardotti,lbernardotti5w@altervista.org,Female,135.187.235.244
214,Omero,Lavallie,olavallie5x@github.com,Male,171.115.32.235
215,Missy,Hymer,mhymer5y@mail.ru,Female,231.72.102.232
216,Andromache,Bryan,abryan5z@disqus.com,Female,173.82.222.250
217,Arlen,Cropp,acropp60@dmoz.org,Male,48.165.115.74
218,Emily,Damsell,edamsell61@google.com.hk,Female,248.203.148.1
219,Jerrilee,Crumbleholme,jcrumbleholme62@sciencedirect.com,Female,142.70.78.107
220,Harper,Gerrets,hgerrets63@indiatimes.com,Male,210.168.251.88
221,Joel,Cantera,jcantera64@wordpress.org,Male,1.158.104.162
222,Charmian,Clousley,cclousley65@redcross.org,Female,53.116.168.130
223,Elbert,Nolot,enolot66@usda.gov,Male,157.230.241.14
224,Bess,Flagg,bflagg67@lycos.com,Female,250.65.222.128
225,Harland,House,hhouse68@geocities.com,Male,195.230.167.30
226,Layton,Andrusov,landrusov69@blogs.com,Male,51.239.186.90
227,Vergil,Seaton,vseaton6a@facebook.com,Male,163.189.48.226
228,Stacee,Forrest,sforrest6b@bloglovin.com,Male,199.116.160.73
229,Jethro,Blackshaw,jblackshaw6c@blogtalkradio.com,Male,97.84.223.229
230,Jeanine,Morrill,jmorrill6d@webs.com,Female,213.110.31.69
231,Neale,Gleadhell,ngleadhell6e@dailymotion.com,Male,28.192.49.196
232,Emelina,Gery,egery6f@drupal.org,Female,67.34.154.198
233,Koenraad,Fishley,kfishley6g@exblog.jp,Male,58.255.83.137
234,Meredeth,Colbron,mcolbron6h@weibo.com,Male,31.122.103.196
235,Mellisent,Guerra,mguerra6i@cnn.com,Female,63.187.30.7
236,Klemens,Dionisio,kdionisio6j@dot.gov,Male,100.117.26.19
237,Gusella,Littell,glittell6k@deviantart.com,Female,0.161.194.158
238,Killie,Bridger,kbridger6l@sourceforge.net,Male,97.128.115.80
239,Ingmar,Gildea,igildea6m@huffingtonpost.com,Male,222.233.163.57
240,Stevana,Jansky,sjansky6n@purevolume.com,Female,211.34.25.198
241,Forrester,Spelwood,fspelwood6o@gnu.org,Male,134.57.101.68
242,Corbie,Sivess,csivess6p@dion.ne.jp,Male,200.197.174.114
243,Terrel,Luesley,tluesley6q@answers.com,Male,246.180.106.228
244,Maison,Muirden,mmuirden6r@merriam-webster.com,Male,112.60.198.160
245,Judon,Lassey,jlassey6s@pcworld.com,Male,96.71.246.175
246,Dreddy,Keating,dkeating6t@upenn.edu,Female,230.236.104.41
247,Hilario,Euels,heuels6u@fc2.com,Male,132.87.60.43
248,Gaby,Pescott,gpescott6v@gov.uk,Male,214.53.180.105
249,Flor,Alekhov,falekhov6w@google.com.br,Female,136.204.32.108
250,Eran,Bransby,ebransby6x@toplist.cz,Female,232.86.131.230
251,Shayla,Parslow,sparslow6y@washingtonpost.com,Female,190.70.147.125
252,Pattie,Walcher,pwalcher6z@prnewswire.com,Male,62.211.81.139
253,Chaim,O' Gara,cogara70@soundcloud.com,Male,199.87.73.254
254,Glenna,Hamill,ghamill71@samsung.com,Female,176.212.229.17
255,Morris,Dory,mdory72@msn.com,Male,88.41.83.19
256,Lacey,Klimsch,lklimsch73@jimdo.com,Female,36.11.145.222
257,Urbain,Cashell,ucashell74@answers.com,Male,122.190.178.42
258,Maje,Mundford,mmundford75@digg.com,Male,125.15.208.89
259,Asher,Loren,aloren76@goo.gl,Male,232.192.223.220
260,Avram,Yegorovnin,ayegorovnin77@dyndns.org,Male,208.158.78.200
261,Kippie,Huckleby,khuckleby78@wsj.com,Female,76.87.100.131
262,Camilla,Blythin,cblythin79@biglobe.ne.jp,Female,87.182.35.107
263,Robinet,Nazer,rnazer7a@wordpress.org,Female,162.204.162.23
264,Harri,Sustins,hsustins7b@domainmarket.com,Female,170.106.126.44
265,Oates,Leguey,oleguey7c@google.com.au,Male,151.186.123.75
266,Christi,Ledgister,cledgister7d@smh.com.au,Female,103.124.192.28
267,Clementius,Dodding,cdodding7e@networkadvertising.org,Male,179.11.76.40
268,Kristel,Matschuk,kmatschuk7f@behance.net,Female,109.88.177.74
269,Fania,Pipe,fpipe7g@senate.gov,Female,206.190.126.98
270,Latia,Lusher,llusher7h@lycos.com,Female,11.236.215.29
271,Tobias,Scamerdine,tscamerdine7i@bloglines.com,Male,151.207.211.219
272,Giacobo,Patzelt,gpatzelt7j@google.pl,Male,180.152.17.127
273,Ogdon,Court,ocourt7k@rambler.ru,Male,29.1.54.90
274,Heath,Bathurst,hbathurst7l@livejournal.com,Male,188.232.20.54
275,Jameson,Weddeburn,jweddeburn7m@newsvine.com,Male,166.23.217.39
276,Wylma,Bengtson,wbengtson7n@bbc.co.uk,Female,254.44.32.224
277,Stephan,Wem,swem7o@uol.com.br,Male,60.125.186.235
278,Parker,Ebbles,pebbles7p@fastcompany.com,Male,96.245.8.111
279,Patrick,Shilston,pshilston7q@icio.us,Male,155.177.236.229
280,Monro,Villaret,mvillaret7r@freewebs.com,Male,61.132.53.161
281,Garrard,Meech,gmeech7s@elegantthemes.com,Male,14.220.251.52
282,Raquela,Barritt,rbarritt7t@friendfeed.com,Female,177.75.65.140
283,Boyce,Bierton,bbierton7u@cnet.com,Male,159.200.194.222
284,Reena,Mansford,rmansford7v@dedecms.com,Female,48.49.90.187
285,Mellisent,Gallard,mgallard7w@cisco.com,Female,174.242.233.141
286,Marybelle,Brewins,mbrewins7x@amazon.co.uk,Female,192.50.159.159
287,Chip,Statham,cstatham7y@squarespace.com,Male,2.77.166.132
288,Chrystel,Jovey,cjovey7z@bloomberg.com,Female,0.220.238.211
289,Shem,Cohen,scohen80@craigslist.org,Male,21.208.210.52
290,Thorsten,Broseke,tbroseke81@photobucket.com,Male,219.93.78.150
291,Ikey,Hurich,ihurich82@cmu.edu,Male,81.245.18.151
292,Arlee,Paike,apaike83@narod.ru,Female,62.18.235.207
293,Cale,Balassa,cbalassa84@unicef.org,Male,52.239.229.240
294,Llywellyn,Denniss,ldenniss85@stumbleupon.com,Male,162.115.52.91
295,Philomena,Ailmer,pailmer86@taobao.com,Female,152.104.16.105
296,Leslie,Van Driel,lvandriel87@acquirethisname.com,Female,5.45.32.185
297,Beulah,Stanfield,bstanfield88@state.gov,Female,195.212.213.68
298,Benetta,Garretson,bgarretson89@youku.com,Female,167.210.185.247
299,Isa,Gladdis,igladdis8a@blogspot.com,Male,68.39.33.28
300,Reyna,Hughlin,rhughlin8b@disqus.com,Female,178.152.77.235
301,Agretha,Huddlestone,ahuddlestone8c@kickstarter.com,Female,21.111.4.32
302,Madalyn,Laise,mlaise8d@berkeley.edu,Female,221.91.214.191
303,Nahum,Corbyn,ncorbyn8e@uiuc.edu,Male,113.77.125.113
304,Audy,Gronav,agronav8f@wunderground.com,Female,214.111.241.128
305,Finlay,Walbridge,fwalbridge8g@prlog.org,Male,140.93.236.212
306,Roi,Spondley,rspondley8h@usatoday.com,Male,193.57.217.33
307,Nick,Bitten,nbitten8i@unblog.fr,Male,170.54.147.131
308,Armand,Wadley,awadley8j@jimdo.com,Male,180.118.24.93
309,Daisey,Bernath,dbernath8k@barnesandnoble.com,Female,22.195.161.208
310,Magdalene,Streight,mstreight8l@geocities.jp,Female,242.210.85.250
311,Mariel,Veracruysse,mveracruysse8m@nih.gov,Female,17.157.255.13
312,Jehu,Aires,jaires8n@163.com,Male,36.232.57.232
313,Colline,Walbrook,cwalbrook8o@google.ca,Female,117.140.198.223
314,Annalise,Barti,abarti8p@miibeian.gov.cn,Female,190.215.29.58
315,Shaine,Wickwar,swickwar8q@typepad.com,Male,184.181.37.4
316,Den,Titchmarsh,dtitchmarsh8r@bing.com,Male,161.75.156.70
317,Hendrick,Drinkhall,hdrinkhall8s@alibaba.com,Male,141.81.107.117
318,Kay,Courtin,kcourtin8t@printfriendly.com,Female,8.78.134.77
319,Husein,Bloyes,hbloyes8u@cocolog-nifty.com,Male,148.198.52.16
320,Godwin,Brackenbury,gbrackenbury8v@goodreads.com,Male,198.171.51.134
321,Debra,Bloxholm,dbloxholm8w@google.com.hk,Female,240.176.17.99
322,Shea,Daunay,sdaunay8x@aboutads.info,Male,80.188.196.124
323,Kalina,Janovsky,kjanovsky8y@usgs.gov,Female,4.31.112.117
324,Bethany,Manwaring,bmanwaring8z@unesco.org,Female,48.200.186.4
325,Devi,Ratray,dratray90@icio.us,Female,126.163.66.249
326,Cirilo,Neligan,cneligan91@reuters.com,Male,94.166.33.180
327,Alexandrina,Gitting,agitting92@livejournal.com,Female,242.123.16.135
328,Shawn,Haney`,shaney93@gov.uk,Male,242.237.211.146
329,Wenona,Minithorpe,wminithorpe94@army.mil,Female,126.212.130.162
330,Penny,Snellman,psnellman95@ezinearticles.com,Female,150.254.10.21
331,Priscella,Tebbet,ptebbet96@blogger.com,Female,115.10.62.75
332,Lilla,Pafford,lpafford97@taobao.com,Female,250.73.199.138
333,Robinson,Malan,rmalan98@amazonaws.com,Male,95.14.209.33
334,Cobb,Grumell,cgrumell99@people.com.cn,Male,84.134.138.26
335,Nikolas,Minihan,nminihan9a@cmu.edu,Male,208.120.214.231
336,Marchelle,Vereker,mvereker9b@ca.gov,Female,68.149.19.20
337,Rossie,Audiss,raudiss9c@nhs.uk,Male,24.0.201.134
338,Lewiss,Smout,lsmout9d@pcworld.com,Male,183.232.131.59
339,Lianna,Ramelot,lramelot9e@upenn.edu,Female,175.9.193.112
340,Jerrold,Loiterton,jloiterton9f@wordpress.org,Male,15.213.50.255
341,Theresa,Normanvill,tnormanvill9g@hatena.ne.jp,Female,126.77.18.202
342,Darby,Marusik,dmarusik9h@dailymail.co.uk,Female,193.58.90.44
343,Antoinette,Meagh,ameagh9i@comsenz.com,Female,126.247.51.199
344,North,Matiashvili,nmatiashvili9j@tinypic.com,Male,134.165.60.215
345,Sibel,Carlick,scarlick9k@zdnet.com,Female,135.215.106.25
346,Phyllys,Rallings,prallings9l@dailymotion.com,Female,62.180.152.79
347,Nelson,Grigs,ngrigs9m@yellowbook.com,Male,224.76.44.247
348,Dianna,Matzaitis,dmatzaitis9n@jigsy.com,Female,170.162.123.234
349,Townsend,Khosa,tkhosa9o@multiply.com,Male,244.49.125.135
350,Bette-ann,Sodo,bsodo9p@google.ru,Female,23.188.87.145
351,Bevvy,Spieck,bspieck9q@reddit.com,Female,173.105.214.171
352,Josey,Tombs,jtombs9r@ning.com,Female,209.38.227.81
353,Barn,Gallie,bgallie9s@themeforest.net,Male,142.174.0.176
354,Jasmina,Aldine,jaldine9t@php.net,Female,52.9.191.164
355,Ellie,Healing,ehealing9u@booking.com,Female,104.139.237.6
356,Port,Skerm,pskerm9v@deliciousdays.com,Male,228.135.16.221
357,Bret,Cowup,bcowup9w@ebay.com,Male,17.163.133.76
358,Jerrold,Skillern,jskillern9x@unicef.org,Male,121.54.183.200
359,Deeann,Marshal,dmarshal9y@livejournal.com,Female,250.231.143.77
360,Alida,Clewley,aclewley9z@amazon.co.jp,Female,190.222.184.67
361,Cooper,Liebrecht,cliebrechta0@ifeng.com,Male,35.162.17.104
362,Beverley,Rodliff,brodliffa1@clickbank.net,Female,195.16.46.123
363,Travis,Howerd,thowerda2@uol.com.br,Male,61.216.87.244
364,Haley,Wherrit,hwherrita3@mashable.com,Male,174.115.139.36
365,Terrance,Van der Beek,tvanderbeeka4@clickbank.net,Male,141.53.90.97
366,Neall,Fessions,nfessionsa5@gnu.org,Male,18.154.241.58
367,Miof mela,Godson,mgodsona6@addtoany.com,Female,228.26.96.245
368,Bo,Silvers,bsilversa7@who.int,Male,153.177.151.120
369,Priscella,Huddart,phuddarta8@nsw.gov.au,Female,61.28.153.246
370,Jasmin,Ciubutaro,jciubutaroa9@diigo.com,Female,226.32.9.127
371,Bert,Bru,bbruaa@kickstarter.com,Male,56.174.194.51
372,Barry,Chadwell,bchadwellab@google.pl,Female,209.4.62.42
373,Anatollo,Finnemore,afinnemoreac@biglobe.ne.jp,Male,87.253.183.230
374,Joscelin,Ouldcott,jouldcottad@biglobe.ne.jp,Female,202.132.109.114
375,Terrence,Leedal,tleedalae@fastcompany.com,Male,215.249.34.161
376,Faunie,Markwelley,fmarkwelleyaf@va.gov,Female,162.203.6.33
377,Zebulon,Thams,zthamsag@hc360.com,Male,160.190.188.128
378,Maximilian,Lettley,mlettleyah@usatoday.com,Male,249.214.189.115
379,Basia,Ellacombe,bellacombeai@alexa.com,Female,175.233.91.169
380,Glenna,Lancett,glancettaj@ted.com,Female,35.102.159.135
381,Hunt,Keyme,hkeymeak@mtv.com,Male,212.6.229.136
382,Aland,Covington,acovingtonal@creativecommons.org,Male,1.214.99.252
383,Arleen,Fillis,afillisam@zimbio.com,Female,85.28.241.88
384,Krishna,Philot,kphilotan@npr.org,Male,255.240.192.135
385,Dilly,Yanuk,dyanukao@senate.gov,Male,179.154.76.90
386,Derril,Jeandeau,djeandeauap@youtube.com,Male,120.190.137.243
387,Aurlie,Halton,ahaltonaq@wikipedia.org,Female,13.154.172.82
388,Addie,Moodie,amoodiear@hubpages.com,Male,135.41.60.252
389,Caroline,Dedman,cdedmanas@nationalgeographic.com,Female,110.25.110.97
390,Adelheid,Guidotti,aguidottiat@shutterfly.com,Female,252.133.92.192
391,Obidiah,Hullot,ohullotau@dot.gov,Male,137.244.3.19
392,Boony,Blondelle,bblondelleav@amazon.co.uk,Male,68.85.90.95
393,Stepha,Iianon,siianonaw@webnode.com,Female,48.255.104.148
394,Laurene,Luke,llukeax@hibu.com,Female,97.181.96.192
395,Friedrick,MacSharry,fmacsharryay@istockphoto.com,Male,42.34.201.171
396,Hewet,Knowlman,hknowlmanaz@jalbum.net,Male,182.238.218.39
397,Delmar,Richten,drichtenb0@xinhuanet.com,Male,191.89.53.201
398,Ruben,Cayser,rcayserb1@chron.com,Male,99.113.95.176
399,Belvia,Reynoldson,breynoldsonb2@samsung.com,Female,220.2.47.243
400,Tedman,Kordas,tkordasb3@chron.com,Male,74.231.160.238
401,Verge,Beckinsale,vbeckinsaleb4@rakuten.co.jp,Male,9.220.106.192
402,Onfre,Richardt,orichardtb5@pbs.org,Male,192.235.134.70
403,Benedetta,Fusco,bfuscob6@seesaa.net,Female,84.46.110.78
404,Adrianna,Samett,asamettb7@yahoo.co.jp,Female,197.202.234.200
405,Franzen,Wiseman,fwisemanb8@dmoz.org,Male,118.239.9.16
406,Maggee,Dennett,mdennettb9@census.gov,Female,210.134.238.5
407,Lockwood,Bowden,lbowdenba@hao123.com,Male,99.9.162.211
408,Dierdre,Pendreigh,dpendreighbb@ibm.com,Female,240.219.60.25
409,Bernadina,Glaze,bglazebc@fda.gov,Female,247.166.24.73
410,Devonne,Stouther,dstoutherbd@g.co,Female,66.64.153.6
411,Sigismond,Telford,stelfordbe@vimeo.com,Male,150.68.29.175
412,Ora,Bichard,obichardbf@1688.com,Female,12.92.142.10
413,Josias,Emmison,jemmisonbg@ezinearticles.com,Male,142.82.235.64
414,Elsi,Cranage,ecranagebh@whitehouse.gov,Female,197.211.137.26
415,Melinde,Fibbings,mfibbingsbi@amazon.de,Female,98.241.179.192
416,Tillie,Madine,tmadinebj@wufoo.com,Female,211.167.158.56
417,Seumas,Laker,slakerbk@yelp.com,Male,38.108.117.249
418,Penny,Tidcomb,ptidcombbl@netscape.com,Male,137.25.120.214
419,Donny,Scroyton,dscroytonbm@apple.com,Male,192.55.227.163
420,Drusilla,Durbin,ddurbinbn@myspace.com,Female,12.232.37.139
421,Clareta,Gobbet,cgobbetbo@google.it,Female,21.110.206.163
422,Nealson,Iceton,nicetonbp@chron.com,Male,222.23.84.210
423,Davina,Teal,dtealbq@tripadvisor.com,Female,198.66.255.183
424,Bartholomeus,Bransden,bbransdenbr@google.com.hk,Male,104.50.136.118
425,Alane,Chomley,achomleybs@huffingtonpost.com,Female,177.112.191.70
426,Fields,Frankis,ffrankisbt@latimes.com,Male,99.237.19.139
427,Rochella,MacRorie,rmacroriebu@icq.com,Female,109.250.139.157
428,Ulises,Edgeller,uedgellerbv@howstuffworks.com,Male,222.107.110.231
429,Eleanor,Barling,ebarlingbw@comsenz.com,Female,12.81.244.89
430,Son,Randales,srandalesbx@youtu.be,Male,150.141.8.15
431,Tiebold,Diperaus,tdiperausby@pen.io,Male,6.117.96.243
432,Lou,Joyson,ljoysonbz@chronoengine.com,Male,226.43.141.33
433,Ambrosius,Middis,amiddisc0@google.com.br,Male,140.180.38.30
434,Alvira,Lemm,alemmc1@yahoo.co.jp,Female,201.113.25.237
435,Lisle,Silcock,lsilcockc2@stumbleupon.com,Male,19.172.191.63
436,Roxine,Denziloe,rdenziloec3@freewebs.com,Female,149.51.210.104
437,Jordanna,Gibbard,jgibbardc4@cmu.edu,Female,106.202.123.253
438,Ferdy,Spiby,fspibyc5@chicagotribune.com,Male,170.166.183.135
439,Sarajane,Newens,snewensc6@csmonitor.com,Female,68.221.199.38
440,Theobald,Steiner,tsteinerc7@dedecms.com,Male,11.130.137.229
441,Robby,Pietzner,rpietznerc8@nytimes.com,Female,219.225.125.133
442,Ives,Sexon,isexonc9@ehow.com,Male,106.124.51.76
443,Marietta,Knevet,mknevetca@spiegel.de,Male,172.161.143.172
444,Odetta,Maria,omariacb@apple.com,Female,187.138.203.119
445,Chickie,Wakelin,cwakelincc@paginegialle.it,Male,201.191.19.107
446,Winnie,Gummory,wgummorycd@rediff.com,Female,139.21.20.253
447,Cherri,Alvarado,calvaradoce@seattletimes.com,Female,125.120.123.50
448,Brewster,Gillcrist,bgillcristcf@webmd.com,Male,73.132.248.163
449,Catrina,Willden,cwilldencg@1und1.de,Female,240.139.98.88
450,Arleen,Stannion,astannionch@economist.com,Female,145.113.170.252
451,Almeda,Lumber,alumberci@smugmug.com,Female,36.170.124.40
452,Vikky,Tohill,vtohillcj@seesaa.net,Female,112.243.28.93
453,Kellen,Ridgley,kridgleyck@123-reg.co.uk,Female,127.70.213.129
454,Camile,Bernardeau,cbernardeaucl@sbwire.com,Female,182.38.176.114
455,Wendell,Yurlov,wyurlovcm@multiply.com,Male,245.191.19.241
456,Roxy,Joubert,rjoubertcn@xinhuanet.com,Female,35.163.160.140
457,Aloysius,Petroselli,apetrosellico@google.es,Male,142.136.217.169
458,Kris,Antonutti,kantonutticp@adobe.com,Female,226.237.43.112
459,Karlotte,Moulin,kmoulincq@soup.io,Female,45.122.157.155
460,Fifine,Kayne,fkaynecr@guardian.co.uk,Female,188.211.163.226
461,Abagail,Morgan,amorgancs@tamu.edu,Female,129.155.188.238
462,Doralyn,Cufley,dcufleyct@unicef.org,Female,32.63.12.13
463,Dacey,Klainer,dklainercu@ucoz.ru,Female,63.220.173.191
464,Dario,Commander,dcommandercv@walmart.com,Male,212.139.167.53
465,Dena,Shemmin,dshemmincw@bluehost.com,Female,15.12.155.120
466,Pamela,Vase,pvasecx@shop-pro.jp,Female,155.175.222.209
467,Tucky,Dellenty,tdellentycy@google.com.hk,Male,199.22.64.199
468,Thain,Vodden,tvoddencz@sciencedaily.com,Male,216.255.89.142
469,Kyla,Sprott,ksprottd0@cornell.edu,Female,58.32.178.85
470,Pete,Trayes,ptrayesd1@typepad.com,Male,247.172.91.235
471,Ingra,Tripney,itripneyd2@ning.com,Male,171.83.72.169
472,Dacey,Jerosch,djeroschd3@weibo.com,Female,61.173.211.208
473,Kiah,Milborn,kmilbornd4@rakuten.co.jp,Female,250.90.63.30
474,Alyosha,Gross,agrossd5@usda.gov,Male,191.247.184.220
475,Bondie,Clementel,bclementeld6@de.vu,Male,253.228.188.253
476,Nevile,Benediktovich,nbenediktovichd7@twitpic.com,Male,18.102.48.16
477,Fredrick,Varlow,fvarlowd8@thetimes.co.uk,Male,128.8.155.143
478,Obediah,Whittek,owhittekd9@yandex.ru,Male,245.99.113.17
479,Dalila,Redmille,dredmilleda@imdb.com,Female,10.140.3.69
480,Braden,Weatherdon,bweatherdondb@shinystat.com,Male,191.16.80.133
481,Ellwood,Franceschelli,efranceschellidc@unblog.fr,Male,133.244.113.139
482,Joeann,Eva,jevadd@example.com,Female,250.194.86.71
483,Waylin,Barwise,wbarwisede@adobe.com,Male,216.167.49.27
484,Bryanty,Coombe,bcoombedf@mapquest.com,Male,45.199.71.66
485,Malcolm,Kluge,mklugedg@va.gov,Male,227.149.43.115
486,Candice,Gwatkin,cgwatkindh@yahoo.co.jp,Female,196.78.63.126
487,Kissee,MacCombe,kmaccombedi@rambler.ru,Female,163.156.52.214
488,Casper,Behrendsen,cbehrendsendj@issuu.com,Male,78.208.192.195
489,Robinette,Madgwich,rmadgwichdk@paginegialle.it,Female,29.90.75.41
490,Aguste,Germain,agermaindl@diigo.com,Male,40.91.53.72
491,Ransell,Lamar,rlamardm@microsoft.com,Male,95.216.85.79
492,Waldemar,Giovannoni,wgiovannonidn@bloomberg.com,Male,75.161.241.137
493,Ruben,Labell,rlabelldo@mtv.com,Male,241.96.125.73
494,Gradey,Lamas,glamasdp@hatena.ne.jp,Male,240.135.236.16
495,Annora,Muscroft,amuscroftdq@cbslocal.com,Female,67.221.124.153
496,Lorain,Farge,lfargedr@spiegel.de,Female,114.36.168.200
497,Sergent,Alfonsini,salfonsinids@google.it,Male,17.49.227.49
498,Dorolice,Bungey,dbungeydt@alexa.com,Female,14.249.252.60
499,Rog,Etridge,retridgedu@instagram.com,Male,167.74.39.208
500,Ellene,Pawelski,epawelskidv@cocolog-nifty.com,Female,128.123.112.103
501,Candi,Lamputt,clamputtdw@furl.net,Female,252.171.236.124
502,Balduin,Gisbey,bgisbeydx@exblog.jp,Male,193.32.79.74
503,Andromache,MacCome,amaccomedy@ebay.co.uk,Female,101.92.1.169
504,Tye,Pennoni,tpennonidz@npr.org,Male,22.149.21.255
505,Hilliary,Jacke,hjackee0@soup.io,Female,56.56.144.201
506,Paola,Hawke,phawkee1@bloomberg.com,Female,47.240.94.205
507,Ame,Conford,aconforde2@statcounter.com,Female,50.169.191.243
508,Alexei,Zambonini,azamboninie3@mysql.com,Male,145.219.237.244
509,Calypso,Arstingall,carstingalle4@unblog.fr,Female,28.24.247.204
510,Spenser,Terrazzo,sterrazzoe5@mashable.com,Male,33.85.8.58
511,Gretel,Greenside,ggreensidee6@shinystat.com,Female,67.6.222.209
512,Erastus,Avrasin,eavrasine7@amazon.com,Male,186.96.193.230
513,Kellina,Broadbury,kbroadburye8@youtube.com,Female,157.55.82.205
514,Freddy,Pressnell,fpressnelle9@artisteer.com,Female,74.212.65.100
515,Currie,Fitzpatrick,cfitzpatrickea@umich.edu,Male,252.102.173.195
516,Myrah,Garett,mgaretteb@imageshack.us,Female,103.173.12.66
517,Andriette,Gravener,agravenerec@admin.ch,Female,130.6.14.146
518,Marquita,Pury,mpuryed@shop-pro.jp,Female,210.143.144.200
519,Sheena,Seery,sseeryee@apple.com,Female,114.140.110.4
520,Brandais,Gadesby,bgadesbyef@umn.edu,Female,32.132.223.241
521,Malynda,Snaddon,msnaddoneg@youtu.be,Female,26.20.253.1
522,Bent,Carlan,bcarlaneh@nydailynews.com,Male,91.172.179.28
523,Carena,Tyhurst,ctyhurstei@ucoz.ru,Female,76.210.203.141
524,Tania,Stanman,tstanmanej@umn.edu,Female,208.109.20.52
525,Curran,Chittleburgh,cchittleburghek@cnet.com,Male,85.178.55.38
526,Colet,FitzGilbert,cfitzgilbertel@miitbeian.gov.cn,Male,24.219.237.153
527,Bonni,Scotchmur,bscotchmurem@multiply.com,Female,45.249.91.81
528,Leola,O'Tierney,lotierneyen@stumbleupon.com,Female,69.29.59.62
529,Omero,Cristofanini,ocristofaninieo@reference.com,Male,53.114.158.106
530,Herschel,Cussins,hcussinsep@slashdot.org,Male,213.201.83.64
531,Emmott,Brandle,ebrandleeq@bigcartel.com,Male,226.64.239.178
532,Benoite,Bamforth,bbamforther@soundcloud.com,Female,39.143.217.0
533,Iggy,Boich,iboiches@pcworld.com,Male,36.253.30.227
534,Harcourt,Edinboro,hedinboroet@instagram.com,Male,155.105.4.38
535,Aubrey,Galland,agallandeu@1688.com,Male,65.109.166.184
536,Valera,Boeck,vboeckev@tinypic.com,Female,205.154.194.11
537,Evin,Robertson,erobertsonew@craigslist.org,Male,38.145.58.9
538,Karlen,Burgne,kburgneex@house.gov,Female,102.22.72.117
539,Denver,Woolfenden,dwoolfendeney@ucoz.ru,Male,184.75.158.47
540,Lucille,Nevitt,lnevittez@weather.com,Female,103.29.2.131
541,Mechelle,Snawdon,msnawdonf0@cmu.edu,Female,155.72.234.70
542,Rhea,De Bernardis,rdebernardisf1@symantec.com,Female,163.211.36.212
543,Bertine,Benkhe,bbenkhef2@cornell.edu,Female,230.80.210.28
544,Hilliard,Genicke,hgenickef3@nationalgeographic.com,Male,63.95.241.150
545,Reinwald,Bank,rbankf4@ycombinator.com,Male,118.40.96.218
546,Orion,Erbe,oerbef5@clickbank.net,Male,242.41.106.150
547,Gauthier,Winchurst,gwinchurstf6@simplemachines.org,Male,167.84.182.92
548,Eilis,Tupp,etuppf7@ca.gov,Female,36.131.106.197
549,Nannie,Tacon,ntaconf8@amazon.co.jp,Female,39.138.186.210
550,Bonnee,Shropsheir,bshropsheirf9@livejournal.com,Female,206.122.157.163
551,Hymie,Le Strange,hlestrangefa@hostgator.com,Male,222.172.134.174
552,Guss,Tissiman,gtissimanfb@springer.com,Male,99.80.220.116
553,Dag,Bruckman,dbruckmanfc@tuttocitta.it,Male,210.79.20.63
554,Holly,O'Lehane,holehanefd@theglobeandmail.com,Male,6.0.31.169
555,Nicolais,Haylett,nhaylettfe@sciencedaily.com,Male,182.3.30.4
556,Ariela,Moraleda,amoraledaff@ow.ly,Female,176.127.200.220
557,Gabriell,Cohane,gcohanefg@opera.com,Female,153.210.89.82
558,Aubree,Loynton,aloyntonfh@taobao.com,Female,28.255.29.28
559,Casie,Reisin,creisinfi@taobao.com,Female,70.127.127.92
560,Dorothy,Earie,deariefj@elegantthemes.com,Female,248.72.154.162
561,Lisbeth,Dragoe,ldragoefk@networkadvertising.org,Female,221.53.92.38
562,Retha,Bursell,rbursellfl@google.cn,Female,25.136.131.103
563,Ebenezer,Pattisson,epattissonfm@google.ca,Male,89.103.47.46
564,Annora,Dennehy,adennehyfn@wiley.com,Female,39.53.253.187
565,Roberto,Mottershaw,rmottershawfo@cargocollective.com,Male,105.30.153.40
566,Alfonse,Klimkiewich,aklimkiewichfp@techcrunch.com,Male,57.161.134.71
567,Hercule,Rawnsley,hrawnsleyfq@ebay.com,Male,94.223.141.41
568,Anatol,Dacke,adackefr@msu.edu,Male,190.62.180.238
569,Pieter,Goddard,pgoddardfs@ucla.edu,Male,216.212.144.8
570,Valdemar,Kausche,vkauscheft@statcounter.com,Male,246.47.191.42
571,Livvie,Beretta,lberettafu@cnn.com,Female,179.72.44.112
572,Darleen,Boughtflower,dboughtflowerfv@purevolume.com,Female,15.92.54.107
573,Milty,Proschek,mproschekfw@pcworld.com,Male,21.131.38.203
574,Jaimie,Blankhorn,jblankhornfx@sogou.com,Male,111.165.168.105
575,Ruggiero,Swiggs,rswiggsfy@skype.com,Male,240.162.254.24
576,Euphemia,Hadlow,ehadlowfz@posterous.com,Female,207.177.102.56
577,Meyer,Ilott,milottg0@dagondesign.com,Male,99.36.204.112
578,Deirdre,Scamadin,dscamading1@dagondesign.com,Female,213.200.15.47
579,Almire,Conibere,aconibereg2@deviantart.com,Female,144.130.126.128
580,Evelyn,Willgoss,ewillgossg3@wunderground.com,Female,121.45.155.53
581,Lannie,Gervaise,lgervaiseg4@imageshack.us,Male,206.255.14.155
582,Roxane,Huzzey,rhuzzeyg5@chron.com,Female,183.68.66.197
583,Lira,Greenhaugh,lgreenhaughg6@mail.ru,Female,237.79.182.83
584,Alphonse,Esposita,aespositag7@gmpg.org,Male,58.50.203.182
585,Baird,Rubinfajn,brubinfajng8@trellian.com,Male,168.92.17.255
586,Rosemary,Worvell,rworvellg9@statcounter.com,Female,122.169.89.47
587,Marjorie,Domengue,mdomenguega@zdnet.com,Female,242.39.81.81
588,Micki,Broggio,mbroggiogb@typepad.com,Female,143.202.131.22
589,Iorgo,Pepperell,ipepperellgc@princeton.edu,Male,91.170.203.249
590,Fleming,Lukianov,flukianovgd@alexa.com,Male,130.65.143.20
591,Gaby,Scrinage,gscrinagege@newyorker.com,Male,179.235.163.235
592,Lisle,Pien,lpiengf@paginegialle.it,Male,217.242.197.197
593,Pavia,Feldklein,pfeldkleingg@upenn.edu,Female,100.193.119.238
594,Dru,Ridgedell,dridgedellgh@dot.gov,Male,138.197.153.31
595,Lou,Gonzalo,lgonzalogi@ucoz.ru,Male,180.28.18.41
596,Sheba,Burnyate,sburnyategj@arstechnica.com,Female,213.138.250.239
597,Sunny,McKerron,smckerrongk@blogs.com,Male,216.241.162.37
598,Larina,McWhan,lmcwhangl@bloglines.com,Female,63.4.8.157
599,Al,Salandino,asalandinogm@cbc.ca,Male,11.122.120.102
600,Bordie,O'Donoghue,bodonoghuegn@amazon.com,Male,84.130.75.60
601,Lani,Fever,lfevergo@flavors.me,Female,165.147.43.233
602,Harley,Davidi,hdavidigp@g.co,Male,23.83.42.192
603,Paton,Zorzenoni,pzorzenonigq@infoseek.co.jp,Male,21.201.231.179
604,Wiatt,Okenfold,wokenfoldgr@walmart.com,Male,51.28.119.94
605,Meredith,Duly,mdulygs@constantcontact.com,Female,52.112.71.42
606,Pauletta,Rany,pranygt@icq.com,Female,26.123.10.26
607,Caspar,Ritchie,critchiegu@myspace.com,Male,140.108.66.91
608,Preston,Ashborn,pashborngv@ezinearticles.com,Male,94.76.48.111
609,Scotty,Lossman,slossmangw@illinois.edu,Male,88.101.13.188
610,Sondra,Gockelen,sgockelengx@networksolutions.com,Female,69.68.19.211
611,Aeriela,Cadden,acaddengy@hhs.gov,Female,166.51.168.25
612,Bear,Jennrich,bjennrichgz@go.com,Male,193.168.94.85
613,Conny,Devas,cdevash0@fc2.com,Male,49.231.138.13
614,Aimee,Davenell,adavenellh1@facebook.com,Female,192.33.211.231
615,Krissy,McGirr,kmcgirrh2@adobe.com,Female,219.144.157.103
616,Rois,Halahan,rhalahanh3@slideshare.net,Female,55.230.66.178
617,Emmanuel,Sorsby,esorsbyh4@instagram.com,Male,20.139.24.131
618,Cordey,Hardy,chardyh5@fda.gov,Female,150.119.116.14
619,Binni,Keaveny,bkeavenyh6@constantcontact.com,Female,199.131.16.123
620,Willie,Skedgell,wskedgellh7@uiuc.edu,Male,164.54.167.7
621,Marco,Errichi,merrichih8@woothemes.com,Male,108.227.84.248
622,Louella,MacGown,lmacgownh9@umich.edu,Female,232.207.246.5
623,Bordy,Mawby,bmawbyha@ovh.net,Male,51.5.241.23
624,Falito,Gawke,fgawkehb@infoseek.co.jp,Male,131.199.4.1
625,Bambi,Barreau,bbarreauhc@forbes.com,Female,94.82.70.78
626,Kristel,Lamey,klameyhd@ucsd.edu,Female,219.202.211.11
627,Mommy,Howells,mhowellshe@mtv.com,Female,47.132.118.29
628,Kane,Mccaull,kmccaullhf@ucoz.com,Male,231.198.208.83
629,Stevie,Truran,struranhg@canalblog.com,Male,197.52.181.27
630,Eadith,Dunnet,edunnethh@godaddy.com,Female,5.83.4.213
631,Salvador,Vasiliev,svasilievhi@godaddy.com,Male,224.196.99.27
632,Coop,Lepere,cleperehj@qq.com,Male,139.184.208.1
633,Sunny,Vaines,svaineshk@miibeian.gov.cn,Male,41.131.180.211
634,Cullen,Baudon,cbaudonhl@hc360.com,Male,235.94.33.245
635,Zara,English,zenglishhm@icq.com,Female,183.3.157.210
636,Marshal,Dreinan,mdreinanhn@msu.edu,Male,38.138.59.100
637,Rogers,Boldry,rboldryho@ft.com,Male,76.61.44.141
638,Karlan,Stachini,kstachinihp@arizona.edu,Male,1.255.97.254
639,Gaynor,Sikora,gsikorahq@soup.io,Female,99.147.76.97
640,Farand,Zannolli,fzannollihr@etsy.com,Female,2.65.123.108
641,Marjy,Billson,mbillsonhs@jugem.jp,Female,178.187.66.179
642,Dirk,Shea,dsheaht@edublogs.org,Male,181.140.223.65
643,Moyna,Bratt,mbratthu@theatlantic.com,Female,205.169.57.34
644,Gabriele,Moat,gmoathv@salon.com,Male,116.97.219.185
645,Aharon,Galgey,agalgeyhw@mlb.com,Male,199.211.248.176
646,Marcie,Scotting,mscottinghx@naver.com,Female,13.217.182.225
647,Donelle,Liven,dlivenhy@fastcompany.com,Female,175.96.207.178
648,Mayne,Vankeev,mvankeevhz@netlog.com,Male,32.172.93.127
649,Merrel,McColley,mmccolleyi0@usatoday.com,Male,253.135.68.163
650,Sheffield,Mattheis,smattheisi1@posterous.com,Male,24.187.134.209
651,Burgess,Balser,bbalseri2@aol.com,Male,43.248.18.189
652,Derrek,Panketh,dpankethi3@usgs.gov,Male,230.247.94.106
653,Wilmette,Sudddard,wsudddardi4@cafepress.com,Female,86.115.45.156
654,Liam,Tedder,ltedderi5@goo.gl,Male,38.92.145.101
655,Aube,Uman,aumani6@com.com,Male,78.64.19.203
656,Franciska,Castenda,fcastendai7@altervista.org,Female,1.240.9.204
657,Klara,Empleton,kempletoni8@comsenz.com,Female,10.125.201.184
658,Valeda,Antoniewicz,vantoniewiczi9@goodreads.com,Female,47.171.209.195
659,Goddart,Pithie,gpithieia@paypal.com,Male,116.203.142.172
660,Celene,Guiducci,cguiducciib@ox.ac.uk,Female,55.208.39.4
661,Wilt,Eyckelberg,weyckelbergic@a8.net,Male,181.254.130.193
662,Concettina,Dimitriev,cdimitrievid@indiatimes.com,Female,26.70.103.41
663,Mattheus,Rissom,mrissomie@topsy.com,Male,175.139.0.21
664,Pincas,Streeton,pstreetonif@europa.eu,Male,106.178.200.189
665,Jamesy,Jirusek,jjirusekig@furl.net,Male,138.190.41.64
666,Joshuah,Maith,jmaithih@posterous.com,Male,138.33.164.203
667,Pattie,Barca,pbarcaii@free.fr,Male,107.250.58.210
668,Nanny,Pareman,nparemanij@cbslocal.com,Female,157.51.115.178
669,Fulton,Gudgeon,fgudgeonik@loc.gov,Male,70.181.27.153
670,Burnard,Fludder,bfludderil@woothemes.com,Male,33.173.71.217
671,Dionne,Muxworthy,dmuxworthyim@discuz.net,Female,252.29.12.166
672,Florance,Filippi,ffilippiin@huffingtonpost.com,Female,86.126.75.171
673,Dacey,Crayker,dcraykerio@mtv.com,Female,160.183.147.207
674,Wyn,Brewers,wbrewersip@list-manage.com,Male,149.36.153.53
675,Bellanca,Gregori,bgregoriiq@google.com,Female,69.71.149.223
676,Silvano,Swyer,sswyerir@techcrunch.com,Male,155.68.131.226
677,Salomon,Halms,shalmsis@ezinearticles.com,Male,120.22.69.118
678,Gretel,Braams,gbraamsit@bloglines.com,Female,126.89.57.195
679,Gardiner,Stevani,gstevaniiu@google.pl,Male,109.159.17.196
680,Julieta,Nitto,jnittoiv@vinaora.com,Female,112.242.222.44
681,Kile,Switland,kswitlandiw@skyrock.com,Male,30.115.64.60
682,Molly,Annatt,mannattix@de.vu,Female,95.190.224.120
683,Tait,McAllister,tmcallisteriy@icio.us,Male,17.88.93.140
684,Tristan,Gravell,tgravelliz@comsenz.com,Male,9.37.245.95
685,La verne,Burtonshaw,lburtonshawj0@instagram.com,Female,208.157.204.79
686,Rora,Beckers,rbeckersj1@sciencedirect.com,Female,21.31.102.90
687,Cobbie,Bleby,cblebyj2@moonfruit.com,Male,85.63.41.183
688,Kaylee,Gout,kgoutj3@symantec.com,Female,33.39.64.38
689,Jarrid,Gooms,jgoomsj4@hao123.com,Male,66.217.254.201
690,Abra,Follett,afollettj5@jugem.jp,Female,28.84.201.130
691,Jayme,Bambrugh,jbambrughj6@nbcnews.com,Female,13.209.157.207
692,Willie,Webermann,wwebermannj7@wired.com,Male,165.44.23.107
693,Tiphanie,Slipper,tslipperj8@phpbb.com,Female,221.28.227.248
694,Barth,Askaw,baskawj9@trellian.com,Male,70.198.150.106
695,Beatrix,Stening,bsteningja@mapy.cz,Female,243.30.192.194
696,Alfonse,MacBey,amacbeyjb@yellowbook.com,Male,221.15.241.192
697,Malorie,Cremen,mcremenjc@scribd.com,Female,247.141.98.75
698,Dwayne,Pettifer,dpettiferjd@yahoo.co.jp,Male,61.38.97.82
699,Timmie,Busch,tbuschje@elegantthemes.com,Male,212.169.134.191
700,Gar,Woodman,gwoodmanjf@desdev.cn,Male,129.60.150.233
701,Bebe,Steers,bsteersjg@t-online.de,Female,164.223.169.128
702,Christophe,Ondrak,condrakjh@themeforest.net,Male,215.134.219.159
703,Redd,McPhate,rmcphateji@baidu.com,Male,10.190.74.78
704,Herve,Meeus,hmeeusjj@tuttocitta.it,Male,153.110.36.48
705,Jard,Moyce,jmoycejk@hatena.ne.jp,Male,62.26.169.241
706,Jeniffer,Barthrop,jbarthropjl@blogtalkradio.com,Female,33.187.131.73
707,Oralia,Sterricker,osterrickerjm@so-net.ne.jp,Female,188.127.66.92
708,Henrietta,O'Rudden,horuddenjn@w3.org,Female,174.59.231.207
709,Adrea,Silson,asilsonjo@elpais.com,Female,133.249.186.15
710,Hildy,Giles,hgilesjp@instagram.com,Female,144.175.202.231
711,Cobbie,Causier,ccausierjq@myspace.com,Male,182.126.34.179
712,Stephine,Yerrall,syerralljr@furl.net,Female,27.157.141.244
713,Cecil,Mangon,cmangonjs@google.de,Male,54.23.18.135
714,Row,Rawling,rrawlingjt@buzzfeed.com,Female,227.99.156.186
715,Kalle,Winterson,kwintersonju@typepad.com,Male,208.129.224.244
716,Giselle,Bleby,gblebyjv@webeden.co.uk,Female,146.144.143.43
717,Clarabelle,Iacomo,ciacomojw@nba.com,Female,227.177.178.18
718,Shelley,Bolley,sbolleyjx@chronoengine.com,Male,199.209.190.113
719,Bernardina,Yurkin,byurkinjy@geocities.jp,Female,250.239.186.3
720,Effie,Greenman,egreenmanjz@joomla.org,Female,66.164.36.252
721,Nicoli,Bugge,nbuggek0@yolasite.com,Female,221.12.22.106
722,Kearney,Keeping,kkeepingk1@instagram.com,Male,125.180.219.24
723,Gifford,Lerego,gleregok2@zdnet.com,Male,195.196.253.108
724,Marnia,Brinkworth,mbrinkworthk3@washingtonpost.com,Female,7.45.195.178
725,Ajay,Croux,acrouxk4@comsenz.com,Female,173.202.15.44
726,Rosalia,Bowgen,rbowgenk5@themeforest.net,Female,146.49.25.71
727,Teirtza,Hargrove,thargrovek6@163.com,Female,34.125.145.94
728,Robinette,Jahan,rjahank7@wisc.edu,Female,112.152.130.138
729,Roddie,Parffrey,rparffreyk8@yellowbook.com,Male,164.114.144.121
730,Allina,Izakovitz,aizakovitzk9@tinyurl.com,Female,31.196.99.209
731,Rosemarie,Biddy,rbiddyka@nps.gov,Female,54.68.162.160
732,Lars,Fronsek,lfronsekkb@loc.gov,Male,25.240.124.178
733,Farlay,Burrow,fburrowkc@yale.edu,Male,209.16.13.158
734,Cash,Cuxon,ccuxonkd@dailymotion.com,Male,87.215.163.98
735,Alessandro,Rizzardi,arizzardike@theatlantic.com,Male,142.128.186.9
736,Chan,Shenton,cshentonkf@sakura.ne.jp,Male,21.122.15.180
737,Had,Bucky,hbuckykg@google.it,Male,182.33.56.185
738,Rafaela,Halvosen,rhalvosenkh@prnewswire.com,Female,32.158.242.76
739,Weidar,Meekin,wmeekinki@arstechnica.com,Male,184.1.142.116
740,Ardra,Boyes,aboyeskj@disqus.com,Female,254.99.215.0
741,Wait,Bleckly,wblecklykk@tinyurl.com,Male,113.34.135.103
742,Aprilette,Payze,apayzekl@ucsd.edu,Female,202.173.159.125
743,Gerrie,McGlashan,gmcglashankm@msn.com,Female,6.212.111.132
744,Laney,Gamlen,lgamlenkn@timesonline.co.uk,Female,88.68.10.69
745,Baxter,Cromie,bcromieko@bbb.org,Male,93.134.121.222
746,Britteny,Selvey,bselveykp@bloglovin.com,Female,176.80.227.36
747,Zacharie,Czaple,zczaplekq@networksolutions.com,Male,35.171.208.53
748,Marylee,Copin,mcopinkr@scientificamerican.com,Female,223.183.180.40
749,Homerus,Eckersall,heckersallks@japanpost.jp,Male,191.207.185.82
750,Lilas,Slowly,lslowlykt@webeden.co.uk,Female,229.47.180.30
751,Jess,Ough,joughku@uiuc.edu,Male,85.49.31.231
752,Marcelo,Beetham,mbeethamkv@ning.com,Male,124.135.188.3
753,Sianna,Spivie,sspiviekw@sfgate.com,Female,121.14.53.84
754,Tamiko,Outlaw,toutlawkx@npr.org,Female,121.16.189.186
755,John,Beeho,jbeehoky@disqus.com,Male,151.236.19.130
756,Deane,McBlain,dmcblainkz@google.com,Male,166.197.238.1
757,Orazio,Arthars,oartharsl0@smh.com.au,Male,35.114.177.163
758,Tedman,Badsworth,tbadsworthl1@oakley.com,Male,155.21.164.132
759,Donall,Brickell,dbrickelll2@xinhuanet.com,Male,209.235.164.232
760,Janetta,Kinglesyd,jkinglesydl3@is.gd,Female,87.155.52.94
761,Coral,Ansell,canselll4@mashable.com,Female,192.21.72.107
762,Taddeusz,Tregien,ttregienl5@gov.uk,Male,105.57.197.94
763,Geri,Such,gsuchl6@printfriendly.com,Male,147.2.225.185
764,Nelly,Hosby,nhosbyl7@amazon.co.uk,Female,206.236.122.75
765,Aloin,McFayden,amcfaydenl8@washingtonpost.com,Male,96.87.39.216
766,Lorens,De Mitri,ldemitril9@goo.gl,Male,51.179.2.243
767,Elwin,Cameron,ecameronla@unblog.fr,Male,198.70.58.1
768,Nicolle,Reames,nreameslb@guardian.co.uk,Female,53.242.239.117
769,Ad,Verlander,averlanderlc@hubpages.com,Male,66.219.76.166
770,Tammara,Cattow,tcattowld@bloglovin.com,Female,189.94.34.149
771,Trenton,Mabbe,tmabbele@yellowbook.com,Male,10.201.56.68
772,Fergus,Gleader,fgleaderlf@businesswire.com,Male,40.15.215.179
773,Tobit,Eighteen,teighteenlg@newyorker.com,Male,88.45.7.209
774,Gavrielle,Rolph,grolphlh@altervista.org,Female,202.226.79.3
775,Buddy,Brighouse,bbrighouseli@csmonitor.com,Male,130.126.105.129
776,Hillary,Borles,hborleslj@pbs.org,Female,110.201.69.156
777,Enid,Seville,esevillelk@state.tx.us,Female,217.119.101.5
778,Chrysler,Leeder,cleederll@mysql.com,Female,198.152.38.13
779,Suki,Jerzyk,sjerzyklm@patch.com,Female,17.123.252.138
780,Dalis,Legendre,dlegendreln@gnu.org,Male,139.131.150.219
781,Keefer,Giovanni,kgiovannilo@blogspot.com,Male,13.28.45.41
782,Kin,Eves,keveslp@dot.gov,Male,11.85.10.240
783,Josepha,Leeburne,jleeburnelq@yelp.com,Female,18.149.212.103
784,Xever,Sorsby,xsorsbylr@twitter.com,Male,220.249.218.20
785,Heather,Tousy,htousyls@lulu.com,Female,163.235.182.146
786,Jannel,Woolger,jwoolgerlt@bizjournals.com,Female,69.139.214.142
787,Fenelia,Stillert,fstillertlu@netscape.com,Female,11.82.121.86
788,Winfield,Josiah,wjosiahlv@google.it,Male,213.70.159.162
789,Kleon,Scorton,kscortonlw@altervista.org,Male,182.235.26.238
790,Chrystel,Petersen,cpetersenlx@altervista.org,Female,20.198.210.22
791,Melinda,Demaine,mdemainely@ifeng.com,Female,99.253.39.84
792,Denise,Triswell,dtriswelllz@google.com.hk,Female,38.232.190.146
793,Binnie,Kobus,bkobusm0@ft.com,Female,85.137.27.141
794,Khalil,Ebbin,kebbinm1@narod.ru,Male,247.204.199.58
795,Orin,Shovlar,oshovlarm2@guardian.co.uk,Male,223.239.94.192
796,Israel,Caseley,icaseleym3@moonfruit.com,Male,236.60.241.242
797,Tabb,Janway,tjanwaym4@reference.com,Male,125.74.248.31
798,Mata,MacDonough,mmacdonoughm5@mac.com,Male,112.22.28.121
799,Orazio,Waight,owaightm6@google.com.au,Male,71.77.145.47
800,Willdon,Gurnett,wgurnettm7@hugedomains.com,Male,61.43.212.64
801,Thurston,Aimer,taimerm8@tiny.cc,Male,101.255.247.18
802,Fairleigh,Rhodus,frhodusm9@yale.edu,Male,43.73.180.156
803,Sephira,Fust,sfustma@yale.edu,Female,193.119.86.183
804,Mychal,Zimmerman,mzimmermanmb@cnn.com,Male,78.29.100.151
805,Corey,Jurasek,cjurasekmc@china.com.cn,Female,178.9.35.143
806,Joanna,Ferrarone,jferraronemd@blog.com,Female,208.128.55.255
807,Viv,Lippo,vlippome@ustream.tv,Female,157.112.215.29
808,Sky,Powlesland,spowleslandmf@auda.org.au,Male,134.17.51.42
809,Christina,Roderick,croderickmg@shinystat.com,Female,158.197.213.31
810,Hilda,Featonby,hfeatonbymh@t-online.de,Female,137.169.9.113
811,Maurie,Hawkwood,mhawkwoodmi@people.com.cn,Male,93.104.75.242
812,Tab,Crosby,tcrosbymj@hp.com,Male,216.38.197.66
813,Christabel,Allmark,callmarkmk@amazon.com,Female,244.51.116.233
814,Westley,Dobkin,wdobkinml@360.cn,Male,113.100.227.31
815,Oran,Aven,oavenmm@slideshare.net,Male,106.94.90.188
816,Rusty,McNicol,rmcnicolmn@biglobe.ne.jp,Male,174.186.132.232
817,Corry,Whetton,cwhettonmo@ca.gov,Female,68.166.169.185
818,Lydon,Seamarke,lseamarkemp@cornell.edu,Male,206.5.231.72
819,Adan,Traves,atravesmq@scribd.com,Male,167.191.19.9
820,Gilly,Wolfit,gwolfitmr@cafepress.com,Female,248.234.155.176
821,Colby,Hayzer,chayzerms@livejournal.com,Male,145.168.94.55
822,Austin,Shemelt,ashemeltmt@sciencedirect.com,Female,176.203.111.58
823,Rita,Diem,rdiemmu@baidu.com,Female,59.127.39.87
824,Rosemary,Cheales,rchealesmv@mac.com,Female,44.127.84.57
825,Nial,Swatheridge,nswatheridgemw@123-reg.co.uk,Male,44.12.52.16
826,Benny,Lyptrit,blyptritmx@plala.or.jp,Male,14.208.57.26
827,Tiphanie,O'Concannon,toconcannonmy@slashdot.org,Female,66.209.218.32
828,Steward,Greenhalf,sgreenhalfmz@shinystat.com,Male,46.184.112.92
829,Ermengarde,Hargey,ehargeyn0@ca.gov,Female,118.204.152.236
830,Cloe,Chilcotte,cchilcotten1@cmu.edu,Female,238.218.196.249
831,Arabella,Bridywater,abridywatern2@wsj.com,Female,133.59.186.153
832,Rosana,Tabourier,rtabouriern3@google.cn,Female,37.81.22.218
833,Tobye,Summerlad,tsummerladn4@google.de,Female,175.72.95.131
834,Olenka,Samsonsen,osamsonsenn5@plala.or.jp,Female,27.194.112.17
835,Astrid,Dietsche,adietschen6@lulu.com,Female,215.63.251.190
836,Gerard,Moylane,gmoylanen7@oakley.com,Male,93.154.139.18
837,Maryjo,Fominov,mfominovn8@businesswire.com,Female,14.242.142.244
838,Bernelle,Frediani,bfredianin9@xrea.com,Female,193.101.20.169
839,Timotheus,Pleass,tpleassna@prnewswire.com,Male,88.142.235.0
840,Colver,Matterface,cmatterfacenb@imgur.com,Male,190.156.223.229
841,Vasilis,Ducket,vducketnc@jugem.jp,Male,212.102.158.172
842,Liuka,Patnelli,lpatnellind@amazonaws.com,Female,249.53.107.203
843,Gaile,Beminster,gbeminsterne@nymag.com,Male,54.85.213.95
844,Zonda,O' Mulderrig,zomulderrignf@ox.ac.uk,Female,23.36.67.49
845,Brita,MacGuffog,bmacguffogng@weather.com,Female,54.113.244.221
846,Lambert,Crumley,lcrumleynh@storify.com,Male,153.213.180.110
847,Martguerita,Lehenmann,mlehenmannni@va.gov,Female,5.46.223.252
848,Erv,Carmichael,ecarmichaelnj@sciencedaily.com,Male,19.190.33.101
849,Stern,Dwerryhouse,sdwerryhousenk@behance.net,Male,179.223.20.204
850,Bennie,Clail,bclailnl@chron.com,Male,25.126.145.8
851,Deedee,Ducaen,dducaennm@examiner.com,Female,206.55.120.122
852,Hershel,Rickert,hrickertnn@cpanel.net,Male,123.171.48.48
853,Derk,Abbott,dabbottno@indiatimes.com,Male,202.228.252.83
854,Roanna,Josephoff,rjosephoffnp@fda.gov,Female,139.85.206.117
855,Bancroft,Tilson,btilsonnq@google.com.br,Male,14.17.231.35
856,Barr,Swayte,bswaytenr@yellowbook.com,Male,55.32.146.149
857,Deb,Lofting,dloftingns@geocities.com,Female,12.3.105.244
858,Abagael,Rival,arivalnt@wordpress.com,Female,70.241.8.24
859,Cherey,Ranahan,cranahannu@lycos.com,Female,175.93.200.101
860,Dionysus,Ronan,dronannv@dailymail.co.uk,Male,162.254.235.195
861,Juliane,Cradduck,jcradducknw@time.com,Female,219.33.46.210
862,Chas,Meriet,cmerietnx@tinyurl.com,Male,226.43.21.78
863,Allison,Charville,acharvilleny@indiegogo.com,Female,4.50.239.45
864,Reta,Godridge,rgodridgenz@marriott.com,Female,254.225.240.153
865,Reinald,Tall,rtallo0@jigsy.com,Male,245.231.115.116
866,Farley,Frantz,ffrantzo1@unicef.org,Male,190.72.213.119
867,Dilly,Natwick,dnatwicko2@myspace.com,Male,27.28.66.134
868,Shir,Southgate,ssouthgateo3@t-online.de,Female,28.201.198.165
869,Lula,Thaine,lthaineo4@cdbaby.com,Female,66.129.37.97
870,Damian,Fullylove,dfullyloveo5@jugem.jp,Male,93.217.23.152
871,Shina,Clemmensen,sclemmenseno6@cdbaby.com,Female,119.83.171.211
872,Jacquenette,Esseby,jessebyo7@walmart.com,Female,88.102.180.207
873,Latia,Thatcher,lthatchero8@creativecommons.org,Female,125.151.219.68
874,Keefer,Pebworth,kpebwortho9@ocn.ne.jp,Male,5.13.167.197
875,Andriana,Klaes,aklaesoa@xrea.com,Female,189.238.17.139
876,Billy,Watsham,bwatshamob@rakuten.co.jp,Male,234.118.49.69
877,Herrick,Howarth,hhowarthoc@reference.com,Male,224.155.149.60
878,Morganne,Boutellier,mboutellierod@istockphoto.com,Female,62.145.195.28
879,Cord,Terram,cterramoe@msu.edu,Male,113.183.93.138
880,Cristi,MacArd,cmacardof@google.de,Female,110.102.80.169
881,Iseabal,Hannond,ihannondog@taobao.com,Female,78.181.14.70
882,Helge,Toffano,htoffanooh@indiatimes.com,Female,111.126.135.200
883,Sig,Cringle,scringleoi@odnoklassniki.ru,Male,224.199.195.11
884,Ambros,Drains,adrainsoj@webmd.com,Male,199.133.81.73
885,Ileane,Morford,imorfordok@goodreads.com,Female,49.103.81.145
886,Flori,Chafer,fchaferol@apple.com,Female,27.25.133.16
887,Osbourne,Cooley,ocooleyom@imgur.com,Male,11.50.77.118
888,Cooper,Surgener,csurgeneron@about.me,Male,57.254.107.101
889,Barclay,Morrieson,bmorriesonoo@webmd.com,Male,152.4.35.119
890,Massimiliano,Szapiro,mszapiroop@cafepress.com,Male,78.21.217.74
891,Nadia,Grevile,ngrevileoq@bloomberg.com,Female,53.135.105.152
892,Kiel,Cornilli,kcornillior@hugedomains.com,Male,63.195.130.41
893,Allister,MacFarlane,amacfarlaneos@imgur.com,Male,160.132.13.142
894,Levin,Longcaster,llongcasterot@360.cn,Male,142.232.11.27
895,Torrin,Jenicek,tjenicekou@arizona.edu,Male,184.167.100.91
896,Edee,Juster,ejusterov@fema.gov,Female,215.210.99.26
897,Lucy,De la croix,ldelacroixow@chronoengine.com,Female,93.62.190.32
898,Orv,Nuzzetti,onuzzettiox@globo.com,Male,56.71.186.202
899,Janot,Oxenford,joxenfordoy@vimeo.com,Female,227.124.197.121
900,Fairfax,Wistance,fwistanceoz@ca.gov,Male,102.85.7.148
901,Winnah,Spreull,wspreullp0@amazon.co.uk,Female,126.37.153.73
902,Ibbie,Bywater,ibywaterp1@cnet.com,Female,9.85.107.209
903,Virge,Kuhndel,vkuhndelp2@etsy.com,Male,12.19.207.114
904,Bailey,Brok,bbrokp3@cmu.edu,Male,139.113.13.200
905,Danella,Broom,dbroomp4@cyberchimps.com,Female,160.57.251.232
906,Esmaria,Nowak,enowakp5@hhs.gov,Female,187.190.150.37
907,Mel,Jakoub,mjakoubp6@nba.com,Male,47.13.221.177
908,Kelcey,Sparke,ksparkep7@so-net.ne.jp,Female,3.28.98.26
909,Adelle,Cleator,acleatorp8@weebly.com,Female,160.6.56.236
910,Olympia,Heap,oheapp9@statcounter.com,Female,143.162.111.182
911,Brook,Matveichev,bmatveichevpa@adobe.com,Male,139.157.138.175
912,Mireielle,Haggas,mhaggaspb@pinterest.com,Female,15.204.76.39
913,Aurora,Hollibone,ahollibonepc@wsj.com,Female,47.224.72.227
914,Gustaf,McGreay,gmcgreaypd@cisco.com,Male,63.101.40.212
915,Frannie,Kibbel,fkibbelpe@prlog.org,Male,222.216.255.220
916,Kass,Dusey,kduseypf@zimbio.com,Female,27.140.32.37
917,Steve,Jerrim,sjerrimpg@jigsy.com,Male,135.107.30.87
918,Charles,Tubbles,ctubblesph@spotify.com,Male,150.114.251.34
919,Forster,Bambrugh,fbambrughpi@un.org,Male,197.220.107.176
920,Eleanora,Mungham,emunghampj@youku.com,Female,116.12.236.136
921,Judie,Flattman,jflattmanpk@bluehost.com,Female,106.86.234.61
922,Leelah,Atchly,latchlypl@weibo.com,Female,217.116.10.117
923,Caldwell,Dykins,cdykinspm@bbb.org,Male,127.0.183.210
924,Reginauld,Mourge,rmourgepn@ask.com,Male,167.208.44.220
925,Felecia,Frazier,ffrazierpo@furl.net,Female,75.134.233.248
926,Jorge,Fullom,jfullompp@hexun.com,Male,63.97.34.3
927,Kliment,Goodison,kgoodisonpq@reddit.com,Male,1.186.138.30
928,Chandler,Jorio,cjoriopr@utexas.edu,Male,3.210.63.235
929,Corinne,Yeardsley,cyeardsleyps@cam.ac.uk,Female,135.204.229.205
930,Erminie,McEvon,emcevonpt@canalblog.com,Female,77.250.34.173
931,Bat,Millmoe,bmillmoepu@godaddy.com,Male,5.244.209.253
932,Marybelle,O'Dennehy,modennehypv@usda.gov,Female,151.40.222.225
933,Lucias,Kiffin,lkiffinpw@google.com,Male,199.146.225.181
934,Ezechiel,Fronzek,efronzekpx@hostgator.com,Male,109.247.67.105
935,Babbie,Hember,bhemberpy@mozilla.com,Female,213.171.128.132
936,Nikki,Richarson,nricharsonpz@exblog.jp,Female,36.146.65.12
937,Bianka,Rannells,brannellsq0@adobe.com,Female,156.231.169.8
938,Jolynn,Brunsen,jbrunsenq1@un.org,Female,202.170.66.201
939,Ewan,Norcutt,enorcuttq2@ucoz.ru,Male,173.35.16.199
940,Aloin,Ellington,aellingtonq3@mozilla.com,Male,30.184.21.194
941,Hastings,Ousby,housbyq4@livejournal.com,Male,94.35.146.236
942,Rutter,Stribling,rstriblingq5@google.co.jp,Male,135.38.164.151
943,Merwyn,Ivkovic,mivkovicq6@statcounter.com,Male,87.130.53.211
944,Carlye,Guwer,cguwerq7@washington.edu,Female,15.41.239.197
945,Honoria,Corneil,hcorneilq8@elpais.com,Female,0.157.75.9
946,Eli,Conrart,econrartq9@privacy.gov.au,Male,135.135.249.144
947,Karalee,Agar,kagarqa@wisc.edu,Female,74.84.237.101
948,Blondie,Schaffel,bschaffelqb@alibaba.com,Female,168.200.78.23
949,Gary,Huntress,ghuntressqc@diigo.com,Male,15.175.121.57
950,Sybil,Graveston,sgravestonqd@google.it,Female,177.106.141.190
951,Augy,Bau,abauqe@techcrunch.com,Male,17.200.254.179
952,Isis,Lagen,ilagenqf@utexas.edu,Female,190.118.30.35
953,Damiano,Ledley,dledleyqg@yahoo.com,Male,10.18.178.123
954,Zedekiah,Orbine,zorbineqh@t-online.de,Male,225.186.232.17
955,Flin,Gilbody,fgilbodyqi@timesonline.co.uk,Male,249.187.250.12
956,Marcile,Furnival,mfurnivalqj@salon.com,Female,85.105.35.243
957,Winnah,Sackett,wsackettqk@nature.com,Female,15.245.125.154
958,Phebe,Creasy,pcreasyql@si.edu,Female,65.62.57.10
959,Timothy,Jenkin,tjenkinqm@china.com.cn,Male,183.193.154.61
960,Jada,Matteau,jmatteauqn@prweb.com,Female,120.127.9.150
961,Jenda,Terbrugge,jterbruggeqo@jugem.jp,Female,214.45.163.183
962,Berky,Smewin,bsmewinqp@topsy.com,Male,114.201.245.75
963,Bogart,Woodburn,bwoodburnqq@smh.com.au,Male,141.170.180.50
964,Arney,Djokovic,adjokovicqr@mac.com,Male,174.33.71.48
965,Noellyn,Mawhinney,nmawhinneyqs@admin.ch,Female,140.241.67.30
966,Trevor,Emblem,temblemqt@geocities.jp,Male,175.116.114.69
967,Ernest,Paver,epaverqu@paypal.com,Male,61.133.176.155
968,Karrie,Emmison,kemmisonqv@51.la,Female,217.148.218.205
969,Frayda,Klimmek,fklimmekqw@tinypic.com,Female,75.137.16.68
970,Hasheem,Fogarty,hfogartyqx@stanford.edu,Male,210.229.238.82
971,Sanders,Bouller,sboullerqy@census.gov,Male,135.204.237.6
972,Elie,Walkden,ewalkdenqz@usnews.com,Female,101.57.147.82
973,Zena,Wormell,zwormellr0@delicious.com,Female,54.139.105.242
974,Renee,Purcell,rpurcellr1@cbslocal.com,Female,119.1.55.148
975,Virgil,Cawker,vcawkerr2@state.tx.us,Male,37.200.53.84
976,Abrahan,Dimitru,adimitrur3@wikimedia.org,Male,57.186.124.169
977,Burr,Sturch,bsturchr4@irs.gov,Male,81.10.34.242
978,Alfie,Lampert,alampertr5@icio.us,Male,196.250.189.236
979,Dalt,Lowis,dlowisr6@businessweek.com,Male,250.141.88.216
980,Delila,Cousans,dcousansr7@godaddy.com,Female,130.51.167.78
981,Queenie,Wilcher,qwilcherr8@earthlink.net,Female,198.93.128.39
982,Carma,Minget,cmingetr9@google.ru,Female,141.76.46.38
983,Vic,Puttrell,vputtrellra@soundcloud.com,Male,189.99.141.182
984,Anet,Gierth,agierthrb@twitpic.com,Female,134.249.93.244
985,Beverley,Khidr,bkhidrrc@devhub.com,Female,10.205.91.180
986,Tiphanie,Earnshaw,tearnshawrd@whitehouse.gov,Female,174.114.9.118
987,Wit,Sinnock,wsinnockre@house.gov,Male,150.2.238.75
988,Pearline,Locke,plockerf@constantcontact.com,Female,228.152.49.243
989,Phillida,Keilloh,pkeillohrg@wordpress.org,Female,209.160.144.230
990,Klarika,Ascrofte,kascrofterh@upenn.edu,Female,97.185.231.48
991,Mikey,Hallitt,mhallittri@lulu.com,Male,225.45.14.118
992,Golda,Lugton,glugtonrj@usatoday.com,Female,92.137.194.98
993,Adella,Petyt,apetytrk@php.net,Female,168.190.191.191
994,Xever,Chesman,xchesmanrl@house.gov,Male,169.40.8.204
995,Freida,Le Marquand,flemarquandrm@blogs.com,Female,146.206.205.192
996,Othello,Hedworth,ohedworthrn@umich.edu,Male,49.179.188.225
997,Corrie,Germaine,cgermainero@xinhuanet.com,Male,132.184.241.75
998,Diandra,Kennifeck,dkennifeckrp@fema.gov,Female,134.244.154.186
999,Spenser,Beckmann,sbeckmannrq@yellowbook.com,Male,129.170.198.49
1000,Sansone,Lauxmann,slauxmannrr@scribd.com,Male,102.155.65.99
